"source","source_incident_id","occurred_at","fetched_at","lat","lon","nature","disposition","address","city","geocoded_at","geocode_quality","status","raw","geocode_attempts","geocode_locked_by","geocode_locked_at","last_changed"
"lee_county","26-356532","2026-07-03 08:26:00+00","2026-07-06 04:53:21.58493+00",26.632658941692,-81.620883440516,"DISTURBANCE","10-GONE ON ARRIVAL","910 GREENWOOD AVE","LEHIGH ACRES","2026-07-06 06:01:02.777093+00","EXACT",,"{""id"": ""26-356532"", ""city"": ""LEHIGH ACRES"", ""nature"": ""DISTURBANCE"", ""address"": ""910 GREENWOOD AVE"", ""disposition"": ""10-GONE ON ARRIVAL"", ""occuredDate"": ""2026-07-03 04:26:00.0000000"", ""incidentNumber"": ""26-356532""}",0,"tolga_ec2_2","2026-07-06 05:00:44.324669+00","2026-07-06 04:53:21.58493+00"
"lee_county","26-356414","2026-07-03 05:24:02+00","2026-07-06 04:53:21.58493+00",26.509137078578,-81.953236009913,"DISTURBANCE","01-ARREST","15980 CHANCE WAY","FORT MYERS","2026-07-06 06:01:02.777093+00","EXACT",,"{""id"": ""26-356414"", ""city"": ""FORT MYERS"", ""nature"": ""DISTURBANCE"", ""address"": ""15980 CHANCE WAY"", ""disposition"": ""01-ARREST"", ""occuredDate"": ""2026-07-03 01:24:02.0000000"", ""incidentNumber"": ""26-356414""}",0,"tolga_ec2_2","2026-07-06 05:00:44.324669+00","2026-07-06 04:53:21.58493+00"
"lee_county","26-356413","2026-07-03 05:19:50+00","2026-07-06 04:53:21.58493+00",26.676825714947,-81.881506281176,"DISTURBANCE","05-HANDLED BY DEPUTY","91 CRESCENT LAKE DR","NORTH FORT MYERS","2026-07-06 06:01:02.777093+00","EXACT",,"{""id"": ""26-356413"", ""city"": ""NORTH FORT MYERS"", ""nature"": ""DISTURBANCE"", ""address"": ""91 CRESCENT LAKE DR"", ""disposition"": ""05-HANDLED BY DEPUTY"", ""occuredDate"": ""2026-07-03 01:19:50.0000000"", ""incidentNumber"": ""26-356413""}",0,"tolga_ec2_2","2026-07-06 05:00:44.324669+00","2026-07-06 04:53:21.58493+00"
"lee_county","26-356409","2026-07-03 05:15:38+00","2026-07-06 04:53:21.58493+00",26.605201343968,-81.648191413536,"BURGLARY - STRUC","08-REPORT TAKEN","1145 HOMESTEAD RD N","LEHIGH ACRES","2026-07-06 06:01:02.777093+00","EXACT",,"{""id"": ""26-356409"", ""city"": ""LEHIGH ACRES"", ""nature"": ""BURGLARY - STRUC"", ""address"": ""1145 HOMESTEAD RD N"", ""disposition"": ""08-REPORT TAKEN"", ""occuredDate"": ""2026-07-03 01:15:38.0000000"", ""incidentNumber"": ""26-356409""}",0,"tolga_ec2_2","2026-07-06 05:00:44.324669+00","2026-07-06 04:53:21.58493+00"
"lee_county","26-356396","2026-07-03 04:57:43+00","2026-07-06 04:53:21.58493+00",26.700681055951,-81.875029670265,"DISTURBANCE","05-HANDLED BY DEPUTY","7624 PIERRE CIR","NORTH FORT MYERS","2026-07-06 06:01:02.777093+00","EXACT",,"{""id"": ""26-356396"", ""city"": ""NORTH FORT MYERS"", ""nature"": ""DISTURBANCE"", ""address"": ""7624 PIERRE CIR"", ""disposition"": ""05-HANDLED BY DEPUTY"", ""occuredDate"": ""2026-07-03 00:57:43.0000000"", ""incidentNumber"": ""26-356396""}",0,"tolga_ec2_2","2026-07-06 05:00:44.324669+00","2026-07-06 04:53:21.58493+00"
"lee_county","26-356348","2026-07-03 04:28:05+00","2026-07-06 04:53:21.58493+00",26.68805457271,-81.865462001361,"DISTURBANCE","11-CONDITION CORRECTED","5781 BAYSHORE RD","NORTH FORT MYERS","2026-07-06 06:01:02.777093+00","EXACT",,"{""id"": ""26-356348"", ""city"": ""NORTH FORT MYERS"", ""nature"": ""DISTURBANCE"", ""address"": ""5781 BAYSHORE RD"", ""disposition"": ""11-CONDITION CORRECTED"", ""occuredDate"": ""2026-07-03 00:28:05.0000000"", ""incidentNumber"": ""26-356348""}",0,"tolga_ec2_2","2026-07-06 05:00:44.324669+00","2026-07-06 04:53:21.58493+00"
"lee_county","26-356261","2026-07-03 03:25:43+00","2026-07-06 04:53:21.58493+00",26.676825714947,-81.881506281176,"DISTURBANCE","05-HANDLED BY DEPUTY","91 CRESCENT LAKE DR","NORTH FORT MYERS","2026-07-06 06:01:02.777093+00","EXACT",,"{""id"": ""26-356261"", ""city"": ""NORTH FORT MYERS"", ""nature"": ""DISTURBANCE"", ""address"": ""91 CRESCENT LAKE DR"", ""disposition"": ""05-HANDLED BY DEPUTY"", ""occuredDate"": ""2026-07-02 23:25:43.0000000"", ""incidentNumber"": ""26-356261""}",0,"tolga_ec2_2","2026-07-06 05:00:44.324669+00","2026-07-06 04:53:21.58493+00"
"lee_county","26-356107","2026-07-03 01:50:54+00","2026-07-06 04:53:21.58493+00",26.600178994234,-82.222143785644,"DISTURBANCE","05-HANDLED BY DEPUTY","442 GULF BEND DR","UPPER CAPTIVA","2026-07-06 06:01:02.777093+00","EXACT",,"{""id"": ""26-356107"", ""city"": ""UPPER CAPTIVA"", ""nature"": ""DISTURBANCE"", ""address"": ""442 GULF BEND DR"", ""disposition"": ""05-HANDLED BY DEPUTY"", ""occuredDate"": ""2026-07-02 21:50:54.0000000"", ""incidentNumber"": ""26-356107""}",0,"tolga_ec2_2","2026-07-06 05:00:44.324669+00","2026-07-06 04:53:21.58493+00"
"lee_county","26-356058","2026-07-03 01:20:46+00","2026-07-06 04:53:21.58493+00",26.579712283942,-81.604851857587,"DISTURBANCE","05-HANDLED BY DEPUTY","381 BELL BLVD S","LEHIGH ACRES","2026-07-06 06:01:02.777093+00","EXACT",,"{""id"": ""26-356058"", ""city"": ""LEHIGH ACRES"", ""nature"": ""DISTURBANCE"", ""address"": ""381 BELL BLVD S"", ""disposition"": ""05-HANDLED BY DEPUTY"", ""occuredDate"": ""2026-07-02 21:20:46.0000000"", ""incidentNumber"": ""26-356058""}",0,"tolga_ec2_2","2026-07-06 05:00:44.324669+00","2026-07-06 04:53:21.58493+00"
"lee_county","26-356036","2026-07-03 01:08:48+00","2026-07-06 04:53:21.58493+00",26.711256219207,-81.900779623463,"SHOTS FIRED","10-GONE ON ARRIVAL","3000 TAMIAMI","NORTH FORT MYERS","2026-07-06 06:01:02.777093+00","EXACT",,"{""id"": ""26-356036"", ""city"": ""NORTH FORT MYERS"", ""nature"": ""SHOTS FIRED"", ""address"": ""3000 TAMIAMI"", ""disposition"": ""10-GONE ON ARRIVAL"", ""occuredDate"": ""2026-07-02 21:08:48.0000000"", ""incidentNumber"": ""26-356036""}",0,"tolga_ec2_2","2026-07-06 05:00:44.324669+00","2026-07-06 04:53:21.58493+00"
"lee_county","26-356013","2026-07-03 00:52:56+00","2026-07-06 04:53:21.58493+00",26.585194666722,-81.634530287677,"DISTURBANCE","05-HANDLED BY DEPUTY","10672 CROSSBACK LN","LEHIGH ACRES","2026-07-06 06:01:02.777093+00","EXACT",,"{""id"": ""26-356013"", ""city"": ""LEHIGH ACRES"", ""nature"": ""DISTURBANCE"", ""address"": ""10672 CROSSBACK LN"", ""disposition"": ""05-HANDLED BY DEPUTY"", ""occuredDate"": ""2026-07-02 20:52:56.0000000"", ""incidentNumber"": ""26-356013""}",0,"tolga_ec2_2","2026-07-06 05:00:44.324669+00","2026-07-06 04:53:21.58493+00"
"lee_county","26-355993","2026-07-03 00:38:55+00","2026-07-06 04:53:21.58493+00",26.554237607712,-81.633730555786,"DOMESTIC VIOLENCE","01-ARREST","416 JOURFERIE RD","LEHIGH ACRES","2026-07-06 06:01:02.777093+00","EXACT",,"{""id"": ""26-355993"", ""city"": ""LEHIGH ACRES"", ""nature"": ""DOMESTIC VIOLENCE"", ""address"": ""416 JOURFERIE RD"", ""disposition"": ""01-ARREST"", ""occuredDate"": ""2026-07-02 20:38:55.0000000"", ""incidentNumber"": ""26-355993""}",0,"tolga_ec2_2","2026-07-06 05:00:44.324669+00","2026-07-06 04:53:21.58493+00"
"lee_county","26-355976","2026-07-03 00:28:20+00","2026-07-06 04:53:21.58493+00",26.55527389388,-81.882016441776,"DISTURBANCE","05-HANDLED BY DEPUTY","5810 NEWFOUNDLAND","FORT MYERS","2026-07-06 06:01:02.777093+00","EXACT",,"{""id"": ""26-355976"", ""city"": ""FORT MYERS"", ""nature"": ""DISTURBANCE"", ""address"": ""5810 NEWFOUNDLAND"", ""disposition"": ""05-HANDLED BY DEPUTY"", ""occuredDate"": ""2026-07-02 20:28:20.0000000"", ""incidentNumber"": ""26-355976""}",0,"tolga_ec2_2","2026-07-06 05:00:44.324669+00","2026-07-06 04:53:21.58493+00"
"lee_county","26-355967","2026-07-03 00:22:20+00","2026-07-06 04:53:21.58493+00",26.678520975435,-81.808901431056,"ASSAULT/BATTERY","08-REPORT TAKEN","4843 PALM BEACH BLVD","FORT MYERS","2026-07-06 06:01:02.777093+00","EXACT",,"{""id"": ""26-355967"", ""city"": ""FORT MYERS"", ""nature"": ""ASSAULT/BATTERY"", ""address"": ""4843 PALM BEACH BLVD"", ""disposition"": ""08-REPORT TAKEN"", ""occuredDate"": ""2026-07-02 20:22:20.0000000"", ""incidentNumber"": ""26-355967""}",0,"tolga_ec2_2","2026-07-06 05:00:44.324669+00","2026-07-06 04:53:21.58493+00"
"lee_county","26-355944","2026-07-03 00:07:37+00","2026-07-06 04:53:21.58493+00",26.590459840465,-81.672925753762,"DISTURBANCE","05-HANDLED BY DEPUTY","2903 25TH ST SW","LEHIGH ACRES","2026-07-06 06:01:02.777093+00","EXACT",,"{""id"": ""26-355944"", ""city"": ""LEHIGH ACRES"", ""nature"": ""DISTURBANCE"", ""address"": ""2903 25TH ST SW"", ""disposition"": ""05-HANDLED BY DEPUTY"", ""occuredDate"": ""2026-07-02 20:07:37.0000000"", ""incidentNumber"": ""26-355944""}",0,"tolga_ec2_2","2026-07-06 05:00:44.324669+00","2026-07-06 04:53:21.58493+00"
"lee_county","26-355939","2026-07-03 00:06:14+00","2026-07-06 04:53:21.58493+00",26.548756451769,-81.864745021744,"DOMESTIC VIOLENCE","01-ARREST","5430 ASHTON CIR","FORT MYERS","2026-07-06 06:01:02.777093+00","EXACT",,"{""id"": ""26-355939"", ""city"": ""FORT MYERS"", ""nature"": ""DOMESTIC VIOLENCE"", ""address"": ""5430 ASHTON CIR"", ""disposition"": ""01-ARREST"", ""occuredDate"": ""2026-07-02 20:06:14.0000000"", ""incidentNumber"": ""26-355939""}",0,"tolga_ec2_2","2026-07-06 05:00:44.324669+00","2026-07-06 04:53:21.58493+00"
"lee_county","26-355925","2026-07-02 23:55:39+00","2026-07-06 04:53:21.58493+00",26.667331423397,-81.908431076014,"THEFT MISD","14-CANCELLED PER COMPLAINANT","766 PONDELLA","NORTH FORT MYERS","2026-07-06 06:01:02.777093+00","EXACT",,"{""id"": ""26-355925"", ""city"": ""NORTH FORT MYERS"", ""nature"": ""THEFT MISD"", ""address"": ""766 PONDELLA"", ""disposition"": ""14-CANCELLED PER COMPLAINANT"", ""occuredDate"": ""2026-07-02 19:55:39.0000000"", ""incidentNumber"": ""26-355925""}",0,"tolga_ec2_2","2026-07-06 05:00:44.324669+00","2026-07-06 04:53:21.58493+00"
"lee_county","26-355895","2026-07-02 23:28:27+00","2026-07-06 04:53:21.58493+00",26.468287131113,-81.799573828923,"DISTURBANCE","05-HANDLED BY DEPUTY","18525 WINTER HAVEN RD","FORT MYERS","2026-07-06 06:01:02.777093+00","EXACT",,"{""id"": ""26-355895"", ""city"": ""FORT MYERS"", ""nature"": ""DISTURBANCE"", ""address"": ""18525 WINTER HAVEN RD"", ""disposition"": ""05-HANDLED BY DEPUTY"", ""occuredDate"": ""2026-07-02 19:28:27.0000000"", ""incidentNumber"": ""26-355895""}",0,"tolga_ec2_2","2026-07-06 05:00:44.324669+00","2026-07-06 04:53:21.58493+00"
"lee_county","26-355885","2026-07-02 23:23:08+00","2026-07-06 04:53:21.58493+00",26.495047081575,-81.784535882738,"DISTURBANCE","05-HANDLED BY DEPUTY","16411 CORPORATE COMMERCE WAY","FORT MYERS","2026-07-06 06:01:02.777093+00","EXACT",,"{""id"": ""26-355885"", ""city"": ""FORT MYERS"", ""nature"": ""DISTURBANCE"", ""address"": ""16411 CORPORATE COMMERCE WAY"", ""disposition"": ""05-HANDLED BY DEPUTY"", ""occuredDate"": ""2026-07-02 19:23:08.0000000"", ""incidentNumber"": ""26-355885""}",0,"tolga_ec2_2","2026-07-06 05:00:44.324669+00","2026-07-06 04:53:21.58493+00"
"lee_county","26-355863","2026-07-02 23:04:17+00","2026-07-06 04:53:21.58493+00",26.616235135123,-81.681062863469,"RECOVER MOTOR VEHICLE","01-ARREST","SUNSHINE BLVD N & 4TH ST W","LEHIGH ACRES","2026-07-06 06:01:02.777093+00","EXACT",,"{""id"": ""26-355863"", ""city"": ""LEHIGH ACRES"", ""nature"": ""RECOVER MOTOR VEHICLE"", ""address"": ""SUNSHINE BLVD N & 4TH ST W"", ""disposition"": ""01-ARREST"", ""occuredDate"": ""2026-07-02 19:04:17.0000000"", ""incidentNumber"": ""26-355863""}",0,"tolga_ec2_2","2026-07-06 05:00:44.324669+00","2026-07-06 04:53:21.58493+00"
"lee_county","26-355861","2026-07-02 23:02:00+00","2026-07-06 04:53:21.58493+00",26.348558349074,-81.779084830871,"DISTURBANCE","05-HANDLED BY DEPUTY","26801 OLD 41 RD","BONITA SPRINGS","2026-07-06 06:01:02.777093+00","EXACT",,"{""id"": ""26-355861"", ""city"": ""BONITA SPRINGS"", ""nature"": ""DISTURBANCE"", ""address"": ""26801 OLD 41 RD"", ""disposition"": ""05-HANDLED BY DEPUTY"", ""occuredDate"": ""2026-07-02 19:02:00.0000000"", ""incidentNumber"": ""26-355861""}",0,"tolga_ec2_2","2026-07-06 05:00:44.324669+00","2026-07-06 04:53:21.58493+00"
"lee_county","26-355843","2026-07-02 22:39:45+00","2026-07-06 04:53:21.58493+00",26.553782344764,-81.651172296896,"ANIMAL","10-GONE ON ARRIVAL","711 ARUNDEL CIR","FORT MYERS","2026-07-06 06:01:02.777093+00","EXACT",,"{""id"": ""26-355843"", ""city"": ""FORT MYERS"", ""nature"": ""ANIMAL"", ""address"": ""711 ARUNDEL CIR"", ""disposition"": ""10-GONE ON ARRIVAL"", ""occuredDate"": ""2026-07-02 18:39:45.0000000"", ""incidentNumber"": ""26-355843""}",0,"tolga_ec2_2","2026-07-06 05:00:44.324669+00","2026-07-06 04:53:21.58493+00"
"lee_county","26-355827","2026-07-02 22:27:52+00","2026-07-06 04:53:21.58493+00",26.552493553391,-81.616071402925,"ANIMAL","05-HANDLED BY DEPUTY","740 FULLERTON AVE S","LEHIGH ACRES","2026-07-06 06:01:02.777093+00","EXACT",,"{""id"": ""26-355827"", ""city"": ""LEHIGH ACRES"", ""nature"": ""ANIMAL"", ""address"": ""740 FULLERTON AVE S"", ""disposition"": ""05-HANDLED BY DEPUTY"", ""occuredDate"": ""2026-07-02 18:27:52.0000000"", ""incidentNumber"": ""26-355827""}",0,"tolga_ec2_2","2026-07-06 05:00:44.324669+00","2026-07-06 04:53:21.58493+00"
"lee_county","26-355825","2026-07-02 22:25:51+00","2026-07-06 04:53:21.58493+00",26.636958779707,-81.704822846286,"DISTURBANCE","05-HANDLED BY DEPUTY","2414 DELTA AVE N","LEHIGH ACRES","2026-07-06 06:01:02.777093+00","EXACT",,"{""id"": ""26-355825"", ""city"": ""LEHIGH ACRES"", ""nature"": ""DISTURBANCE"", ""address"": ""2414 DELTA AVE N"", ""disposition"": ""05-HANDLED BY DEPUTY"", ""occuredDate"": ""2026-07-02 18:25:51.0000000"", ""incidentNumber"": ""26-355825""}",0,"tolga_ec2_2","2026-07-06 05:00:44.324669+00","2026-07-06 04:53:21.58493+00"
"lee_county","26-355796","2026-07-02 22:04:35+00","2026-07-06 04:53:21.58493+00",26.465403485275,-81.798984228607,"DISTURBANCE","05-HANDLED BY DEPUTY","18671 BARTOW BLVD","FORT MYERS","2026-07-06 06:01:02.777093+00","EXACT",,"{""id"": ""26-355796"", ""city"": ""FORT MYERS"", ""nature"": ""DISTURBANCE"", ""address"": ""18671 BARTOW BLVD"", ""disposition"": ""05-HANDLED BY DEPUTY"", ""occuredDate"": ""2026-07-02 18:04:35.0000000"", ""incidentNumber"": ""26-355796""}",0,"tolga_ec2_2","2026-07-06 05:00:44.324669+00","2026-07-06 04:53:21.58493+00"
"lee_county","26-355777","2026-07-02 21:47:43+00","2026-07-06 04:53:21.58493+00",26.599625520674,-81.676014705556,"DISTURBANCE","05-HANDLED BY DEPUTY","3003 15TH ST SW","LEHIGH ACRES","2026-07-06 06:01:02.777093+00","EXACT",,"{""id"": ""26-355777"", ""city"": ""LEHIGH ACRES"", ""nature"": ""DISTURBANCE"", ""address"": ""3003 15TH ST SW"", ""disposition"": ""05-HANDLED BY DEPUTY"", ""occuredDate"": ""2026-07-02 17:47:43.0000000"", ""incidentNumber"": ""26-355777""}",0,"tolga_ec2_2","2026-07-06 05:00:44.324669+00","2026-07-06 04:53:21.58493+00"
"lee_county","26-355753","2026-07-02 21:31:13+00","2026-07-06 04:53:21.58493+00",26.523063085461,-81.870177895558,"DISTURBANCE","10-GONE ON ARRIVAL","15121 S TAMIAMI TRL","FORT MYERS","2026-07-06 06:01:02.777093+00","EXACT",,"{""id"": ""26-355753"", ""city"": ""FORT MYERS"", ""nature"": ""DISTURBANCE"", ""address"": ""15121 S TAMIAMI TRL"", ""disposition"": ""10-GONE ON ARRIVAL"", ""occuredDate"": ""2026-07-02 17:31:13.0000000"", ""incidentNumber"": ""26-355753""}",0,"tolga_ec2_2","2026-07-06 05:00:44.324669+00","2026-07-06 04:53:21.58493+00"
"lee_county","26-355735","2026-07-02 21:14:49+00","2026-07-06 04:53:21.58493+00",26.664181432191,-81.909650468406,"DISTURBANCE","01-ARREST","712 CAMELLIA DR","NORTH FORT MYERS","2026-07-06 06:01:02.777093+00","EXACT",,"{""id"": ""26-355735"", ""city"": ""NORTH FORT MYERS"", ""nature"": ""DISTURBANCE"", ""address"": ""712 CAMELLIA DR"", ""disposition"": ""01-ARREST"", ""occuredDate"": ""2026-07-02 17:14:49.0000000"", ""incidentNumber"": ""26-355735""}",0,"tolga_ec2_2","2026-07-06 05:00:44.324669+00","2026-07-06 04:53:21.58493+00"
"lee_county","26-355727","2026-07-02 21:09:39+00","2026-07-06 04:53:21.58493+00",26.662530486049,-81.917861307468,"ANIMAL","07-TURNED OVER TO OTHER AGENCY","912 HIBISCUS LN","NORTH FORT MYERS","2026-07-06 06:01:02.777093+00","EXACT",,"{""id"": ""26-355727"", ""city"": ""NORTH FORT MYERS"", ""nature"": ""ANIMAL"", ""address"": ""912 HIBISCUS LN"", ""disposition"": ""07-TURNED OVER TO OTHER AGENCY"", ""occuredDate"": ""2026-07-02 17:09:39.0000000"", ""incidentNumber"": ""26-355727""}",0,"tolga_ec2_2","2026-07-06 05:00:44.324669+00","2026-07-06 04:53:21.58493+00"
"lee_county","26-802349","2026-07-02 21:07:00+00","2026-07-06 04:53:21.58493+00",26.567143447543,-81.879299516378,"STOLEN PLATE","15-WRITTEN DOCUMENTATION NON UCR","1727 PARK MEADOWS DR","FORT MYERS","2026-07-06 06:01:02.777093+00","EXACT",,"{""id"": ""26-802349"", ""city"": ""FORT MYERS"", ""nature"": ""STOLEN PLATE"", ""address"": ""1727 PARK MEADOWS DR"", ""disposition"": ""15-WRITTEN DOCUMENTATION NON UCR"", ""occuredDate"": ""2026-07-02 17:07:00.0000000"", ""incidentNumber"": ""26-802349""}",0,"tolga_ec2_2","2026-07-06 05:00:44.324669+00","2026-07-06 04:53:21.58493+00"
"lee_county","26-355678","2026-07-02 20:35:13+00","2026-07-05 16:53:21.60105+00",26.615628423346,-81.665455184264,"THEFT MISD","08-REPORT TAKEN","2523 LEE BLVD","LEHIGH ACRES","2026-07-05 18:02:47.944917+00","EXACT",,"{""id"": ""26-355678"", ""city"": ""LEHIGH ACRES"", ""nature"": ""THEFT MISD"", ""address"": ""2523 LEE BLVD"", ""disposition"": ""08-REPORT TAKEN"", ""occuredDate"": ""2026-07-02 16:35:13.0000000"", ""incidentNumber"": ""26-355678""}",0,"tolga_ec2_1","2026-07-05 17:02:47.542584+00","2026-07-05 16:53:21.60105+00"
"lee_county","26-355677","2026-07-02 20:35:03+00","2026-07-05 16:53:21.60105+00",26.563986163686,-81.579569848716,"DISTURBANCE","05-HANDLED BY DEPUTY","549 GENOA AVE S","LEHIGH ACRES","2026-07-05 18:02:47.944917+00","EXACT",,"{""id"": ""26-355677"", ""city"": ""LEHIGH ACRES"", ""nature"": ""DISTURBANCE"", ""address"": ""549 GENOA AVE S"", ""disposition"": ""05-HANDLED BY DEPUTY"", ""occuredDate"": ""2026-07-02 16:35:03.0000000"", ""incidentNumber"": ""26-355677""}",0,"tolga_ec2_1","2026-07-05 17:02:47.542584+00","2026-07-05 16:53:21.60105+00"
"lee_county","26-355649","2026-07-02 20:16:29+00","2026-07-05 16:53:21.60105+00",26.52965651142,-81.856931113559,"IDENTITY THEFT","15-WRITTEN DOCUMENTATION NON UCR","5860 HALIFAX AVE","FORT MYERS","2026-07-05 18:02:47.944917+00","EXACT",,"{""id"": ""26-355649"", ""city"": ""FORT MYERS"", ""nature"": ""IDENTITY THEFT"", ""address"": ""5860 HALIFAX AVE"", ""disposition"": ""15-WRITTEN DOCUMENTATION NON UCR"", ""occuredDate"": ""2026-07-02 16:16:29.0000000"", ""incidentNumber"": ""26-355649""}",0,"tolga_ec2_1","2026-07-05 17:02:47.542584+00","2026-07-05 16:53:21.60105+00"
"lee_county","26-355634","2026-07-02 20:10:44+00","2026-07-05 16:53:21.60105+00",26.57721813528,-81.655381161539,"DISTURBANCE","05-HANDLED BY DEPUTY","742 ALABAMA RD S","LEHIGH ACRES","2026-07-05 18:02:47.944917+00","EXACT",,"{""id"": ""26-355634"", ""city"": ""LEHIGH ACRES"", ""nature"": ""DISTURBANCE"", ""address"": ""742 ALABAMA RD S"", ""disposition"": ""05-HANDLED BY DEPUTY"", ""occuredDate"": ""2026-07-02 16:10:44.0000000"", ""incidentNumber"": ""26-355634""}",0,"tolga_ec2_1","2026-07-05 17:02:47.542584+00","2026-07-05 16:53:21.60105+00"
"lee_county","26-355587","2026-07-02 19:41:27+00","2026-07-05 16:53:21.60105+00",26.60979071857,-81.654041233552,"DISTURBANCE","05-HANDLED BY DEPUTY","270 BETH STACEY BLVD","LEHIGH ACRES","2026-07-05 18:02:47.944917+00","EXACT",,"{""id"": ""26-355587"", ""city"": ""LEHIGH ACRES"", ""nature"": ""DISTURBANCE"", ""address"": ""270 BETH STACEY BLVD"", ""disposition"": ""05-HANDLED BY DEPUTY"", ""occuredDate"": ""2026-07-02 15:41:27.0000000"", ""incidentNumber"": ""26-355587""}",0,"tolga_ec2_1","2026-07-05 17:02:47.542584+00","2026-07-05 16:53:21.60105+00"
"lee_county","26-355586","2026-07-02 19:40:43+00","2026-07-05 16:53:21.60105+00",26.608019683854,-81.64695435598,"FRAUD","08-REPORT TAKEN","1251 TAYLOR LN","LEHIGH ACRES","2026-07-05 18:02:47.944917+00","EXACT",,"{""id"": ""26-355586"", ""city"": ""LEHIGH ACRES"", ""nature"": ""FRAUD"", ""address"": ""1251 TAYLOR LN"", ""disposition"": ""08-REPORT TAKEN"", ""occuredDate"": ""2026-07-02 15:40:43.0000000"", ""incidentNumber"": ""26-355586""}",0,"tolga_ec2_1","2026-07-05 17:02:47.542584+00","2026-07-05 16:53:21.60105+00"
"lee_county","26-355563","2026-07-02 19:26:01+00","2026-07-05 16:53:21.60105+00",26.717018103355,-81.856342074493,"ANIMAL","07-TURNED OVER TO OTHER AGENCY","17440 SHELBY LN","NORTH FORT MYERS","2026-07-05 18:02:47.944917+00","EXACT",,"{""id"": ""26-355563"", ""city"": ""NORTH FORT MYERS"", ""nature"": ""ANIMAL"", ""address"": ""17440 SHELBY LN"", ""disposition"": ""07-TURNED OVER TO OTHER AGENCY"", ""occuredDate"": ""2026-07-02 15:26:01.0000000"", ""incidentNumber"": ""26-355563""}",0,"tolga_ec2_1","2026-07-05 17:02:47.542584+00","2026-07-05 16:53:21.60105+00"
"lee_county","26-355541","2026-07-02 19:18:21+00","2026-07-05 16:53:21.60105+00",26.591097972569,-81.649261233033,"DISTURBANCE","05-HANDLED BY DEPUTY","321 RUSHMORE AVE N","LEHIGH ACRES","2026-07-05 18:02:47.944917+00","EXACT",,"{""id"": ""26-355541"", ""city"": ""LEHIGH ACRES"", ""nature"": ""DISTURBANCE"", ""address"": ""321 RUSHMORE AVE N"", ""disposition"": ""05-HANDLED BY DEPUTY"", ""occuredDate"": ""2026-07-02 15:18:21.0000000"", ""incidentNumber"": ""26-355541""}",0,"tolga_ec2_1","2026-07-05 17:02:47.542584+00","2026-07-05 16:53:21.60105+00"
"lee_county","26-355482","2026-07-02 18:46:30+00","2026-07-05 16:53:21.60105+00",26.58133631167,-81.630004811963,"BURGLARY - CONV","08-REPORT TAKEN","327 RAWLINGS AVE","LEHIGH ACRES","2026-07-05 18:02:47.944917+00","EXACT",,"{""id"": ""26-355482"", ""city"": ""LEHIGH ACRES"", ""nature"": ""BURGLARY - CONV"", ""address"": ""327 RAWLINGS AVE"", ""disposition"": ""08-REPORT TAKEN"", ""occuredDate"": ""2026-07-02 14:46:30.0000000"", ""incidentNumber"": ""26-355482""}",0,"tolga_ec2_1","2026-07-05 17:02:47.542584+00","2026-07-05 16:53:21.60105+00"
"lee_county","26-355473","2026-07-02 18:43:03+00","2026-07-05 16:53:21.60105+00",26.660606914033,-81.801566883436,"DISTURBANCE","05-HANDLED BY DEPUTY","5828 ENTERPRISE PKWY","FORT MYERS","2026-07-05 18:02:47.944917+00","EXACT",,"{""id"": ""26-355473"", ""city"": ""FORT MYERS"", ""nature"": ""DISTURBANCE"", ""address"": ""5828 ENTERPRISE PKWY"", ""disposition"": ""05-HANDLED BY DEPUTY"", ""occuredDate"": ""2026-07-02 14:43:03.0000000"", ""incidentNumber"": ""26-355473""}",0,"tolga_ec2_1","2026-07-05 17:02:47.542584+00","2026-07-05 16:53:21.60105+00"
"lee_county","26-355452","2026-07-02 18:30:45+00","2026-07-05 16:53:21.60105+00",26.349945014016,-81.779232701198,"ANIMAL","05-HANDLED BY DEPUTY","26620 OLD 41 RD","BONITA SPRINGS","2026-07-05 18:02:47.944917+00","EXACT",,"{""id"": ""26-355452"", ""city"": ""BONITA SPRINGS"", ""nature"": ""ANIMAL"", ""address"": ""26620 OLD 41 RD"", ""disposition"": ""05-HANDLED BY DEPUTY"", ""occuredDate"": ""2026-07-02 14:30:45.0000000"", ""incidentNumber"": ""26-355452""}",0,"tolga_ec2_1","2026-07-05 17:02:47.542584+00","2026-07-05 16:53:21.60105+00"
"lee_county","26-355438","2026-07-02 18:23:29+00","2026-07-05 16:53:21.60105+00",26.586836675184,-81.701507442906,"DISTURBANCE","05-HANDLED BY DEPUTY","4003 28TH ST SW","LEHIGH ACRES","2026-07-05 18:02:47.944917+00","EXACT",,"{""id"": ""26-355438"", ""city"": ""LEHIGH ACRES"", ""nature"": ""DISTURBANCE"", ""address"": ""4003 28TH ST SW"", ""disposition"": ""05-HANDLED BY DEPUTY"", ""occuredDate"": ""2026-07-02 14:23:29.0000000"", ""incidentNumber"": ""26-355438""}",0,"tolga_ec2_1","2026-07-05 17:02:47.542584+00","2026-07-05 16:53:21.60105+00"
"lee_county","26-355437","2026-07-02 18:22:00+00","2026-07-05 16:53:21.60105+00",26.559824493576,-81.842837198439,"IDENTITY THEFT","08-REPORT TAKEN","6709 PLANTATION PINES BLVD","FT MYERS","2026-07-05 18:02:47.944917+00","EXACT",,"{""id"": ""26-355437"", ""city"": ""FT MYERS"", ""nature"": ""IDENTITY THEFT"", ""address"": ""6709 PLANTATION PINES BLVD"", ""disposition"": ""08-REPORT TAKEN"", ""occuredDate"": ""2026-07-02 14:22:00.0000000"", ""incidentNumber"": ""26-355437""}",0,"tolga_ec2_1","2026-07-05 17:02:47.542584+00","2026-07-05 16:53:21.60105+00"
"lee_county","26-355388","2026-07-02 17:58:34+00","2026-07-05 16:53:21.60105+00",26.608215636147,-81.651556997264,"HARASSMENT","05-HANDLED BY DEPUTY","1301 HOMESTEAD","LEHIGH ACRES","2026-07-05 18:02:47.944917+00","EXACT",,"{""id"": ""26-355388"", ""city"": ""LEHIGH ACRES"", ""nature"": ""HARASSMENT"", ""address"": ""1301 HOMESTEAD"", ""disposition"": ""05-HANDLED BY DEPUTY"", ""occuredDate"": ""2026-07-02 13:58:34.0000000"", ""incidentNumber"": ""26-355388""}",0,"tolga_ec2_1","2026-07-05 17:02:47.542584+00","2026-07-05 16:53:21.60105+00"
"lee_county","26-355338","2026-07-02 17:41:03+00","2026-07-05 16:53:21.60105+00",26.571562655143,-82.108508244181,"DISTURBANCE","05-HANDLED BY DEPUTY","5044 CURLEW DR","SAINT JAMES CITY","2026-07-05 18:02:47.944917+00","EXACT",,"{""id"": ""26-355338"", ""city"": ""SAINT JAMES CITY"", ""nature"": ""DISTURBANCE"", ""address"": ""5044 CURLEW DR"", ""disposition"": ""05-HANDLED BY DEPUTY"", ""occuredDate"": ""2026-07-02 13:41:03.0000000"", ""incidentNumber"": ""26-355338""}",0,"tolga_ec2_1","2026-07-05 17:02:47.542584+00","2026-07-05 16:53:21.60105+00"
"lee_county","26-355295","2026-07-02 17:20:55+00","2026-07-05 16:53:21.60105+00",26.601616138807,-81.738161912736,"DISTURBANCE","05-HANDLED BY DEPUTY","2415 TED AVE S","LEHIGH ACRES","2026-07-05 18:02:47.944917+00","EXACT",,"{""id"": ""26-355295"", ""city"": ""LEHIGH ACRES"", ""nature"": ""DISTURBANCE"", ""address"": ""2415 TED AVE S"", ""disposition"": ""05-HANDLED BY DEPUTY"", ""occuredDate"": ""2026-07-02 13:20:55.0000000"", ""incidentNumber"": ""26-355295""}",0,"tolga_ec2_1","2026-07-05 17:02:47.542584+00","2026-07-05 16:53:21.60105+00"
"lee_county","26-355287","2026-07-02 17:18:57+00","2026-07-05 16:53:21.60105+00",26.70315222819,-81.872176308847,"DISTURBANCE","10-GONE ON ARRIVAL","7708 MARX DR","NORTH FORT MYERS","2026-07-05 18:02:47.944917+00","EXACT",,"{""id"": ""26-355287"", ""city"": ""NORTH FORT MYERS"", ""nature"": ""DISTURBANCE"", ""address"": ""7708 MARX DR"", ""disposition"": ""10-GONE ON ARRIVAL"", ""occuredDate"": ""2026-07-02 13:18:57.0000000"", ""incidentNumber"": ""26-355287""}",0,"tolga_ec2_1","2026-07-05 17:02:47.542584+00","2026-07-05 16:53:21.60105+00"
"lee_county","26-355236","2026-07-02 16:52:28+00","2026-07-05 16:53:21.60105+00",26.620880581248,-81.673358184061,"ANIMAL","05-HANDLED BY DEPUTY","2904 8TH ST W","LEHIGH ACRES","2026-07-05 18:02:47.944917+00","EXACT",,"{""id"": ""26-355236"", ""city"": ""LEHIGH ACRES"", ""nature"": ""ANIMAL"", ""address"": ""2904 8TH ST W"", ""disposition"": ""05-HANDLED BY DEPUTY"", ""occuredDate"": ""2026-07-02 12:52:28.0000000"", ""incidentNumber"": ""26-355236""}",0,"tolga_ec2_1","2026-07-05 17:02:47.542584+00","2026-07-05 16:53:21.60105+00"
"lee_county","26-355197","2026-07-02 16:33:06+00","2026-07-05 16:53:21.60105+00",26.588096979102,-81.605935881577,"FRAUD","15-WRITTEN DOCUMENTATION NON UCR","223 BECKLEY DR","LEHIGH ACRES","2026-07-05 18:02:47.944917+00","EXACT",,"{""id"": ""26-355197"", ""city"": ""LEHIGH ACRES"", ""nature"": ""FRAUD"", ""address"": ""223 BECKLEY DR"", ""disposition"": ""15-WRITTEN DOCUMENTATION NON UCR"", ""occuredDate"": ""2026-07-02 12:33:06.0000000"", ""incidentNumber"": ""26-355197""}",0,"tolga_ec2_1","2026-07-05 17:02:47.542584+00","2026-07-05 16:53:21.60105+00"
"lee_county","26-355191","2026-07-02 16:31:29+00","2026-07-05 16:53:21.60105+00",26.584057966298,-81.639067901218,"DISTURBANCE","05-HANDLED BY DEPUTY","441 PADDOCK ST","LEHIGH ACRES","2026-07-05 18:02:47.944917+00","EXACT",,"{""id"": ""26-355191"", ""city"": ""LEHIGH ACRES"", ""nature"": ""DISTURBANCE"", ""address"": ""441 PADDOCK ST"", ""disposition"": ""05-HANDLED BY DEPUTY"", ""occuredDate"": ""2026-07-02 12:31:29.0000000"", ""incidentNumber"": ""26-355191""}",0,"tolga_ec2_1","2026-07-05 17:02:47.542584+00","2026-07-05 16:53:21.60105+00"
"lee_county","26-355182","2026-07-02 16:28:43+00","2026-07-05 16:53:21.60105+00",26.5881357,-81.8177267,"FRAUD","08-REPORT TAKEN","14821 BEN C PRATT SIX MILE CYPRESS PKWY","FORT MYERS","2026-07-05 18:02:47.944917+00","nominatim:primary",,"{""id"": ""26-355182"", ""city"": ""FORT MYERS"", ""nature"": ""FRAUD"", ""address"": ""14821 BEN C PRATT SIX MILE CYPRESS PKWY"", ""disposition"": ""08-REPORT TAKEN"", ""occuredDate"": ""2026-07-02 12:28:43.0000000"", ""incidentNumber"": ""26-355182""}",0,"tolga_ec2_1","2026-07-05 17:02:47.542584+00","2026-07-05 16:53:21.60105+00"
"lee_county","26-355154","2026-07-02 16:12:59+00","2026-07-05 16:53:21.60105+00",26.6545647305,-81.668579271311,"DISTURBANCE","11-CONDITION CORRECTED","2713 44TH ST W","LEHIGH ACRES","2026-07-05 18:02:47.944917+00","EXACT",,"{""id"": ""26-355154"", ""city"": ""LEHIGH ACRES"", ""nature"": ""DISTURBANCE"", ""address"": ""2713 44TH ST W"", ""disposition"": ""11-CONDITION CORRECTED"", ""occuredDate"": ""2026-07-02 12:12:59.0000000"", ""incidentNumber"": ""26-355154""}",0,"tolga_ec2_1","2026-07-05 17:02:47.542584+00","2026-07-05 16:53:21.60105+00"
"lee_county","26-355122","2026-07-02 15:59:00+00","2026-07-05 16:53:21.60105+00",26.678493225449,-81.88398124209,"DISTURBANCE","11-CONDITION CORRECTED","24 MARIANA","NORTH FORT MYERS","2026-07-05 18:02:47.944917+00","AMBIGUOUS",,"{""id"": ""26-355122"", ""city"": ""NORTH FORT MYERS"", ""nature"": ""DISTURBANCE"", ""address"": ""24 MARIANA"", ""disposition"": ""11-CONDITION CORRECTED"", ""occuredDate"": ""2026-07-02 11:59:00.0000000"", ""incidentNumber"": ""26-355122""}",0,"tolga_ec2_1","2026-07-05 17:02:47.542584+00","2026-07-05 16:53:21.60105+00"
"lee_county","26-355080","2026-07-02 15:39:06+00","2026-07-05 16:53:21.60105+00",26.592387912533,-81.891278649324,"DISTURBANCE","05-HANDLED BY DEPUTY","5529 GRANADA RD","FORT MYERS","2026-07-05 18:02:47.944917+00","EXACT",,"{""id"": ""26-355080"", ""city"": ""FORT MYERS"", ""nature"": ""DISTURBANCE"", ""address"": ""5529 GRANADA RD"", ""disposition"": ""05-HANDLED BY DEPUTY"", ""occuredDate"": ""2026-07-02 11:39:06.0000000"", ""incidentNumber"": ""26-355080""}",0,"tolga_ec2_1","2026-07-05 17:02:47.542584+00","2026-07-05 16:53:21.60105+00"
"lee_county","26-355064","2026-07-02 15:31:31+00","2026-07-05 16:53:21.60105+00",26.699826092847,-81.863943601824,"DISTURBANCE","05-HANDLED BY DEPUTY","7588 BREEZE DR","NORTH FORT MYERS","2026-07-05 18:02:47.944917+00","EXACT",,"{""id"": ""26-355064"", ""city"": ""NORTH FORT MYERS"", ""nature"": ""DISTURBANCE"", ""address"": ""7588 BREEZE DR"", ""disposition"": ""05-HANDLED BY DEPUTY"", ""occuredDate"": ""2026-07-02 11:31:31.0000000"", ""incidentNumber"": ""26-355064""}",0,"tolga_ec2_1","2026-07-05 17:02:47.542584+00","2026-07-05 16:53:21.60105+00"
"lee_county","26-354999","2026-07-02 15:06:52+00","2026-07-05 16:53:21.60105+00",26.7514593,-81.7491448,"BURGLARY - RESD","08-REPORT TAKEN","12529 MOONSTONE WAY","BABCOCK RANCH","2026-07-05 18:02:47.944917+00","nominatim:residential",,"{""id"": ""26-354999"", ""city"": ""BABCOCK RANCH"", ""nature"": ""BURGLARY - RESD"", ""address"": ""12529 MOONSTONE WAY"", ""disposition"": ""08-REPORT TAKEN"", ""occuredDate"": ""2026-07-02 11:06:52.0000000"", ""incidentNumber"": ""26-354999""}",0,"tolga_ec2_1","2026-07-05 17:02:47.542584+00","2026-07-05 16:53:21.60105+00"
"lee_county","26-354997","2026-07-02 15:06:00+00","2026-07-05 16:53:21.60105+00",26.48907489568,-81.784784711148,"THEFT MISD","08-REPORT TAKEN","10088 GULF CENTER DR","FORT MYERS","2026-07-05 18:02:47.944917+00","EXACT",,"{""id"": ""26-354997"", ""city"": ""FORT MYERS"", ""nature"": ""THEFT MISD"", ""address"": ""10088 GULF CENTER DR"", ""disposition"": ""08-REPORT TAKEN"", ""occuredDate"": ""2026-07-02 11:06:00.0000000"", ""incidentNumber"": ""26-354997""}",0,"tolga_ec2_1","2026-07-05 17:02:47.542584+00","2026-07-05 16:53:21.60105+00"
"lee_county","26-354994","2026-07-02 15:04:02+00","2026-07-05 16:53:21.60105+00",26.611541041119,-81.660466616715,"RECOVER VEHICLE","08-REPORT TAKEN","1530 LINDALE CIR","LEHIGH ACRES","2026-07-05 18:02:47.944917+00","EXACT",,"{""id"": ""26-354994"", ""city"": ""LEHIGH ACRES"", ""nature"": ""RECOVER VEHICLE"", ""address"": ""1530 LINDALE CIR"", ""disposition"": ""08-REPORT TAKEN"", ""occuredDate"": ""2026-07-02 11:04:02.0000000"", ""incidentNumber"": ""26-354994""}",0,"tolga_ec2_1","2026-07-05 17:02:47.542584+00","2026-07-05 16:53:21.60105+00"
"lee_county","26-354979","2026-07-02 14:57:57+00","2026-07-05 16:53:21.60105+00",26.708599701977,-81.727329402813,"ANIMAL LIVESTOCK","11-CONDITION CORRECTED","14040 PALM BEACH BLVD","FORT MYERS","2026-07-05 18:02:47.944917+00","EXACT",,"{""id"": ""26-354979"", ""city"": ""FORT MYERS"", ""nature"": ""ANIMAL LIVESTOCK"", ""address"": ""14040 PALM BEACH BLVD"", ""disposition"": ""11-CONDITION CORRECTED"", ""occuredDate"": ""2026-07-02 10:57:57.0000000"", ""incidentNumber"": ""26-354979""}",0,"tolga_ec2_1","2026-07-05 17:02:47.542584+00","2026-07-05 16:53:21.60105+00"
"lee_county","26-354959","2026-07-02 14:51:12+00","2026-07-05 16:53:21.60105+00",26.689963347413,-81.913294216496,"DISTURBANCE","10-GONE ON ARRIVAL","443 SNEAD DR","NORTH FORT MYERS","2026-07-05 18:02:47.944917+00","EXACT",,"{""id"": ""26-354959"", ""city"": ""NORTH FORT MYERS"", ""nature"": ""DISTURBANCE"", ""address"": ""443 SNEAD DR"", ""disposition"": ""10-GONE ON ARRIVAL"", ""occuredDate"": ""2026-07-02 10:51:12.0000000"", ""incidentNumber"": ""26-354959""}",0,"tolga_ec2_1","2026-07-05 17:02:47.542584+00","2026-07-05 16:53:21.60105+00"
"lee_county","26-354958","2026-07-02 14:51:08+00","2026-07-05 16:53:21.60105+00",26.529209977603,-81.871424722971,"DISTURBANCE","05-HANDLED BY DEPUTY","14600 TAMIAMI","FORT MYERS","2026-07-05 18:02:47.944917+00","EXACT",,"{""id"": ""26-354958"", ""city"": ""FORT MYERS"", ""nature"": ""DISTURBANCE"", ""address"": ""14600 TAMIAMI"", ""disposition"": ""05-HANDLED BY DEPUTY"", ""occuredDate"": ""2026-07-02 10:51:08.0000000"", ""incidentNumber"": ""26-354958""}",0,"tolga_ec2_1","2026-07-05 17:02:47.542584+00","2026-07-05 16:53:21.60105+00"
"lee_county","26-354911","2026-07-02 14:34:00+00","2026-07-05 16:53:21.60105+00",26.6633061,-81.8774363,"DISTURBANCE","08-REPORT TAKEN","13711 S TAMIAMI TRL","FORT MYERS","2026-07-05 18:02:47.944917+00","nominatim:primary",,"{""id"": ""26-354911"", ""city"": ""FORT MYERS"", ""nature"": ""DISTURBANCE"", ""address"": ""13711 S TAMIAMI TRL"", ""disposition"": ""08-REPORT TAKEN"", ""occuredDate"": ""2026-07-02 10:34:00.0000000"", ""incidentNumber"": ""26-354911""}",0,"tolga_ec2_1","2026-07-05 17:02:47.542584+00","2026-07-05 16:53:21.60105+00"
"lee_county","26-354885","2026-07-02 14:26:59+00","2026-07-05 16:53:21.60105+00",26.546183432926,-81.853768797746,"DISTURBANCE","08-REPORT TAKEN","6100 DANIELS PKWY","FORT MYERS","2026-07-05 18:02:47.944917+00","EXACT",,"{""id"": ""26-354885"", ""city"": ""FORT MYERS"", ""nature"": ""DISTURBANCE"", ""address"": ""6100 DANIELS PKWY"", ""disposition"": ""08-REPORT TAKEN"", ""occuredDate"": ""2026-07-02 10:26:59.0000000"", ""incidentNumber"": ""26-354885""}",0,"tolga_ec2_1","2026-07-05 17:02:47.542584+00","2026-07-05 16:53:21.60105+00"
"lee_county","26-354725","2026-07-02 13:23:00+00","2026-07-05 16:53:21.60105+00",26.677588057344,-81.869882703936,"DEATH INVESTIGATION","05-HANDLED BY DEPUTY","1180 OLD BRIDGE RD","NORTH FORT MYERS","2026-07-05 18:02:47.944917+00","EXACT",,"{""id"": ""26-354725"", ""city"": ""NORTH FORT MYERS"", ""nature"": ""DEATH INVESTIGATION"", ""address"": ""1180 OLD BRIDGE RD"", ""disposition"": ""05-HANDLED BY DEPUTY"", ""occuredDate"": ""2026-07-02 09:23:00.0000000"", ""incidentNumber"": ""26-354725""}",0,"tolga_ec2_1","2026-07-05 17:02:47.542584+00","2026-07-05 16:53:21.60105+00"
"lee_county","26-354715","2026-07-02 13:20:00+00","2026-07-05 16:53:21.60105+00",26.60594240757,-81.649016858106,"THEFT MISD","01-ARREST","1171 HOMESTEAD RD N","LEHIGH ACRES","2026-07-05 18:02:47.944917+00","EXACT",,"{""id"": ""26-354715"", ""city"": ""LEHIGH ACRES"", ""nature"": ""THEFT MISD"", ""address"": ""1171 HOMESTEAD RD N"", ""disposition"": ""01-ARREST"", ""occuredDate"": ""2026-07-02 09:20:00.0000000"", ""incidentNumber"": ""26-354715""}",0,"tolga_ec2_1","2026-07-05 17:02:47.542584+00","2026-07-05 16:53:21.60105+00"
"lee_county","26-354700","2026-07-02 13:14:25+00","2026-07-05 16:53:21.60105+00",26.627425429843,-81.75926493393,"RECOVER FOUND GUN","15-WRITTEN DOCUMENTATION NON UCR","10550 BUCKINGHAM RD","FORT MYERS","2026-07-05 18:02:47.944917+00","EXACT",,"{""id"": ""26-354700"", ""city"": ""FORT MYERS"", ""nature"": ""RECOVER FOUND GUN"", ""address"": ""10550 BUCKINGHAM RD"", ""disposition"": ""15-WRITTEN DOCUMENTATION NON UCR"", ""occuredDate"": ""2026-07-02 09:14:25.0000000"", ""incidentNumber"": ""26-354700""}",0,"tolga_ec2_1","2026-07-05 17:02:47.542584+00","2026-07-05 16:53:21.60105+00"
"lee_county","26-354696","2026-07-02 13:13:25+00","2026-07-05 16:53:21.60105+00",26.483877869577,-81.82718071681,"NARCOTICS","08-REPORT TAKEN","7628 CARRIER RD","FORT MYERS","2026-07-05 18:02:47.944917+00","EXACT",,"{""id"": ""26-354696"", ""city"": ""FORT MYERS"", ""nature"": ""NARCOTICS"", ""address"": ""7628 CARRIER RD"", ""disposition"": ""08-REPORT TAKEN"", ""occuredDate"": ""2026-07-02 09:13:25.0000000"", ""incidentNumber"": ""26-354696""}",0,"tolga_ec2_1","2026-07-05 17:02:47.542584+00","2026-07-05 16:53:21.60105+00"
"lee_county","26-354679","2026-07-02 13:06:42+00","2026-07-05 16:53:21.60105+00",26.592643894852,-81.723645861556,"DISTURBANCE","05-HANDLED BY DEPUTY","4625 25TH ST SW","LEHIGH ACRES","2026-07-05 18:02:47.944917+00","EXACT",,"{""id"": ""26-354679"", ""city"": ""LEHIGH ACRES"", ""nature"": ""DISTURBANCE"", ""address"": ""4625 25TH ST SW"", ""disposition"": ""05-HANDLED BY DEPUTY"", ""occuredDate"": ""2026-07-02 09:06:42.0000000"", ""incidentNumber"": ""26-354679""}",0,"tolga_ec2_1","2026-07-05 17:02:47.542584+00","2026-07-05 16:53:21.60105+00"
"lee_county","26-354677","2026-07-02 13:05:40+00","2026-07-05 16:53:21.60105+00",26.610825603495,-81.707282325164,"DISTURBANCE","05-HANDLED BY DEPUTY","4112 2ND ST SW","LEHIGH ACRES","2026-07-05 18:02:47.944917+00","EXACT",,"{""id"": ""26-354677"", ""city"": ""LEHIGH ACRES"", ""nature"": ""DISTURBANCE"", ""address"": ""4112 2ND ST SW"", ""disposition"": ""05-HANDLED BY DEPUTY"", ""occuredDate"": ""2026-07-02 09:05:40.0000000"", ""incidentNumber"": ""26-354677""}",0,"tolga_ec2_1","2026-07-05 17:02:47.542584+00","2026-07-05 16:53:21.60105+00"
"lee_county","26-354615","2026-07-02 12:43:00+00","2026-07-05 16:53:21.60105+00",26.572599759623,-81.874239231039,"ANIMAL","08-REPORT TAKEN","5505 SECOND AVE","FORT MYERS","2026-07-05 18:02:47.944917+00","EXACT",,"{""id"": ""26-354615"", ""city"": ""FORT MYERS"", ""nature"": ""ANIMAL"", ""address"": ""5505 SECOND AVE"", ""disposition"": ""08-REPORT TAKEN"", ""occuredDate"": ""2026-07-02 08:43:00.0000000"", ""incidentNumber"": ""26-354615""}",0,"tolga_ec2_1","2026-07-05 17:02:47.542584+00","2026-07-05 16:53:21.60105+00"
"lee_county","26-354566","2026-07-02 12:21:54+00","2026-07-05 16:53:21.60105+00",26.671478571039,-81.822640815724,"ASSAULT/BATTERY","08-REPORT TAKEN","430 NEW YORK DR","FORT MYERS","2026-07-05 18:02:47.944917+00","EXACT",,"{""id"": ""26-354566"", ""city"": ""FORT MYERS"", ""nature"": ""ASSAULT/BATTERY"", ""address"": ""430 NEW YORK DR"", ""disposition"": ""08-REPORT TAKEN"", ""occuredDate"": ""2026-07-02 08:21:54.0000000"", ""incidentNumber"": ""26-354566""}",0,"tolga_ec2_1","2026-07-05 17:02:47.542584+00","2026-07-05 16:53:21.60105+00"
"lee_county","26-354547","2026-07-02 12:10:49+00","2026-07-05 16:53:21.60105+00",26.71192423238,-81.904680733546,"DISTURBANCE","05-HANDLED BY DEPUTY","8949 NORTH FORK DR","NORTH FORT MYERS","2026-07-05 18:02:47.944917+00","EXACT",,"{""id"": ""26-354547"", ""city"": ""NORTH FORT MYERS"", ""nature"": ""DISTURBANCE"", ""address"": ""8949 NORTH FORK DR"", ""disposition"": ""05-HANDLED BY DEPUTY"", ""occuredDate"": ""2026-07-02 08:10:49.0000000"", ""incidentNumber"": ""26-354547""}",0,"tolga_ec2_1","2026-07-05 17:02:47.542584+00","2026-07-05 16:53:21.60105+00"
"lee_county","26-354463","2026-07-02 11:22:00+00","2026-07-05 16:53:21.60105+00",26.706736754894,-81.712803236382,"ANIMAL","08-REPORT TAKEN","2563 NATURE POINTE LOOP","FORT MYERS","2026-07-05 18:02:47.944917+00","EXACT",,"{""id"": ""26-354463"", ""city"": ""FORT MYERS"", ""nature"": ""ANIMAL"", ""address"": ""2563 NATURE POINTE LOOP"", ""disposition"": ""08-REPORT TAKEN"", ""occuredDate"": ""2026-07-02 07:22:00.0000000"", ""incidentNumber"": ""26-354463""}",0,"tolga_ec2_1","2026-07-05 17:02:47.542584+00","2026-07-05 16:53:21.60105+00"
"lee_county","26-354383","2026-07-02 10:40:24+00","2026-07-05 16:53:21.60105+00",26.70315222819,-81.872176308847,"DISTURBANCE","05-HANDLED BY DEPUTY","7708 MARX DR","NORTH FORT MYERS","2026-07-05 18:02:47.944917+00","EXACT",,"{""id"": ""26-354383"", ""city"": ""NORTH FORT MYERS"", ""nature"": ""DISTURBANCE"", ""address"": ""7708 MARX DR"", ""disposition"": ""05-HANDLED BY DEPUTY"", ""occuredDate"": ""2026-07-02 06:40:24.0000000"", ""incidentNumber"": ""26-354383""}",0,"tolga_ec2_1","2026-07-05 17:02:47.542584+00","2026-07-05 16:53:21.60105+00"
"lee_county","26-354287","2026-07-02 08:11:01+00","2026-07-05 04:53:21.588592+00",26.70315222819,-81.872176308847,"DISTURBANCE","15-WRITTEN DOCUMENTATION NON UCR","7708 MARX DR","NORTH FORT MYERS","2026-07-05 06:03:05.33297+00","EXACT",,"{""id"": ""26-354287"", ""city"": ""NORTH FORT MYERS"", ""nature"": ""DISTURBANCE"", ""address"": ""7708 MARX DR"", ""disposition"": ""15-WRITTEN DOCUMENTATION NON UCR"", ""occuredDate"": ""2026-07-02 04:11:01.0000000"", ""incidentNumber"": ""26-354287""}",0,"tolga_ec2_1","2026-07-05 05:03:00.770991+00","2026-07-05 04:53:21.588592+00"
"lee_county","26-354169","2026-07-02 05:47:41+00","2026-07-05 04:53:21.588592+00",26.607251187417,-81.650473427918,"DISTURBANCE","05-HANDLED BY DEPUTY","1245 HOMESTEAD","LEHIGH ACRES","2026-07-05 06:03:05.33297+00","EXACT",,"{""id"": ""26-354169"", ""city"": ""LEHIGH ACRES"", ""nature"": ""DISTURBANCE"", ""address"": ""1245 HOMESTEAD"", ""disposition"": ""05-HANDLED BY DEPUTY"", ""occuredDate"": ""2026-07-02 01:47:41.0000000"", ""incidentNumber"": ""26-354169""}",0,"tolga_ec2_1","2026-07-05 05:03:00.770991+00","2026-07-05 04:53:21.588592+00"
"lee_county","26-354072","2026-07-02 04:11:13+00","2026-07-05 04:53:21.588592+00",26.516723706425,-81.936460509966,"DISTURBANCE","08-REPORT TAKEN","15409 BELLAMAR CIR","FORT MYERS","2026-07-05 06:03:05.33297+00","EXACT",,"{""id"": ""26-354072"", ""city"": ""FORT MYERS"", ""nature"": ""DISTURBANCE"", ""address"": ""15409 BELLAMAR CIR"", ""disposition"": ""08-REPORT TAKEN"", ""occuredDate"": ""2026-07-02 00:11:13.0000000"", ""incidentNumber"": ""26-354072""}",0,"tolga_ec2_1","2026-07-05 05:03:00.770991+00","2026-07-05 04:53:21.588592+00"
"lee_county","26-354010","2026-07-02 03:16:16+00","2026-07-05 04:53:21.588592+00",26.483378459574,-81.833743807925,"DISTURBANCE","05-HANDLED BY DEPUTY","17434 DUMONT DR","FORT MYERS","2026-07-05 06:03:05.33297+00","EXACT",,"{""id"": ""26-354010"", ""city"": ""FORT MYERS"", ""nature"": ""DISTURBANCE"", ""address"": ""17434 DUMONT DR"", ""disposition"": ""05-HANDLED BY DEPUTY"", ""occuredDate"": ""2026-07-01 23:16:16.0000000"", ""incidentNumber"": ""26-354010""}",0,"tolga_ec2_1","2026-07-05 05:03:00.770991+00","2026-07-05 04:53:21.588592+00"
"lee_county","26-353963","2026-07-02 02:43:51+00","2026-07-05 04:53:21.588592+00",26.480287127801,-81.833197326281,"DISTURBANCE","05-HANDLED BY DEPUTY","17597 ROCKEFELLER","FORT MYERS","2026-07-05 06:03:05.33297+00","EXACT",,"{""id"": ""26-353963"", ""city"": ""FORT MYERS"", ""nature"": ""DISTURBANCE"", ""address"": ""17597 ROCKEFELLER"", ""disposition"": ""05-HANDLED BY DEPUTY"", ""occuredDate"": ""2026-07-01 22:43:51.0000000"", ""incidentNumber"": ""26-353963""}",0,"tolga_ec2_1","2026-07-05 05:03:00.770991+00","2026-07-05 04:53:21.588592+00"
"lee_county","26-353940","2026-07-02 02:28:20+00","2026-07-05 04:53:21.588592+00",26.618737236495,-81.709699546207,"DISTURBANCE","05-HANDLED BY DEPUTY","4325 6TH ST W","LEHIGH ACRES","2026-07-05 06:03:05.33297+00","EXACT",,"{""id"": ""26-353940"", ""city"": ""LEHIGH ACRES"", ""nature"": ""DISTURBANCE"", ""address"": ""4325 6TH ST W"", ""disposition"": ""05-HANDLED BY DEPUTY"", ""occuredDate"": ""2026-07-01 22:28:20.0000000"", ""incidentNumber"": ""26-353940""}",0,"tolga_ec2_1","2026-07-05 05:03:00.770991+00","2026-07-05 04:53:21.588592+00"
"lee_county","26-353912","2026-07-02 01:59:27+00","2026-07-05 04:53:21.588592+00",26.742968112933,-81.842854987072,"ANIMAL LIVESTOCK","05-HANDLED BY DEPUTY","19230 POOR LN","NORTH FORT MYERS","2026-07-05 06:03:05.33297+00","EXACT",,"{""id"": ""26-353912"", ""city"": ""NORTH FORT MYERS"", ""nature"": ""ANIMAL LIVESTOCK"", ""address"": ""19230 POOR LN"", ""disposition"": ""05-HANDLED BY DEPUTY"", ""occuredDate"": ""2026-07-01 21:59:27.0000000"", ""incidentNumber"": ""26-353912""}",0,"tolga_ec2_1","2026-07-05 05:03:00.770991+00","2026-07-05 04:53:21.588592+00"
"lee_county","26-353904","2026-07-02 01:55:00+00","2026-07-05 04:53:21.588592+00",26.59797163293,-81.642531219635,"DOMESTIC VIOLENCE","01-ARREST","10 WILLOW ST","LEHIGH ACRES","2026-07-05 06:03:05.33297+00","EXACT",,"{""id"": ""26-353904"", ""city"": ""LEHIGH ACRES"", ""nature"": ""DOMESTIC VIOLENCE"", ""address"": ""10 WILLOW ST"", ""disposition"": ""01-ARREST"", ""occuredDate"": ""2026-07-01 21:55:00.0000000"", ""incidentNumber"": ""26-353904""}",0,"tolga_ec2_1","2026-07-05 05:03:00.770991+00","2026-07-05 04:53:21.588592+00"
"lee_county","26-353885","2026-07-02 01:42:57+00","2026-07-05 04:53:21.588592+00",26.560915971693,-81.878459341346,"DISTURBANCE","05-HANDLED BY DEPUTY","1801 BRANTLEY","FORT MYERS","2026-07-05 06:03:05.33297+00","EXACT",,"{""id"": ""26-353885"", ""city"": ""FORT MYERS"", ""nature"": ""DISTURBANCE"", ""address"": ""1801 BRANTLEY"", ""disposition"": ""05-HANDLED BY DEPUTY"", ""occuredDate"": ""2026-07-01 21:42:57.0000000"", ""incidentNumber"": ""26-353885""}",0,"tolga_ec2_1","2026-07-05 05:03:00.770991+00","2026-07-05 04:53:21.588592+00"
"lee_county","26-353825","2026-07-02 01:03:04+00","2026-07-05 04:53:21.588592+00",26.364281118826,-81.810044305108,"DISTURBANCE","05-HANDLED BY DEPUTY","3310 OAK HAMMOCK CT","BONITA SPRINGS","2026-07-05 06:03:05.33297+00","EXACT",,"{""id"": ""26-353825"", ""city"": ""BONITA SPRINGS"", ""nature"": ""DISTURBANCE"", ""address"": ""3310 OAK HAMMOCK CT"", ""disposition"": ""05-HANDLED BY DEPUTY"", ""occuredDate"": ""2026-07-01 21:03:04.0000000"", ""incidentNumber"": ""26-353825""}",0,"tolga_ec2_1","2026-07-05 05:03:00.770991+00","2026-07-05 04:53:21.588592+00"
"lee_county","26-353811","2026-07-02 00:56:18+00","2026-07-05 04:53:21.588592+00",26.728685408122,-82.032983858361,"DISTURBANCE","11-CONDITION CORRECTED","18200 MORNING STAR LN","CAPE CORAL","2026-07-05 06:03:05.33297+00","EXACT",,"{""id"": ""26-353811"", ""city"": ""CAPE CORAL"", ""nature"": ""DISTURBANCE"", ""address"": ""18200 MORNING STAR LN"", ""disposition"": ""11-CONDITION CORRECTED"", ""occuredDate"": ""2026-07-01 20:56:18.0000000"", ""incidentNumber"": ""26-353811""}",0,"tolga_ec2_1","2026-07-05 05:03:00.770991+00","2026-07-05 04:53:21.588592+00"
"lee_county","26-353797","2026-07-02 00:48:00+00","2026-07-05 04:53:21.588592+00",26.480046647926,-81.950679119983,"DOMESTIC VIOLENCE","01-ARREST","17979 SAN CARLOS BLVD","FORT MYERS BEACH","2026-07-05 06:03:05.33297+00","EXACT",,"{""id"": ""26-353797"", ""city"": ""FORT MYERS BEACH"", ""nature"": ""DOMESTIC VIOLENCE"", ""address"": ""17979 SAN CARLOS BLVD"", ""disposition"": ""01-ARREST"", ""occuredDate"": ""2026-07-01 20:48:00.0000000"", ""incidentNumber"": ""26-353797""}",0,"tolga_ec2_1","2026-07-05 05:03:00.770991+00","2026-07-05 04:53:21.588592+00"
"lee_county","26-353782","2026-07-02 00:33:16+00","2026-07-05 04:53:21.588592+00",26.676092215655,-81.88907036694,"DISTURBANCE","05-HANDLED BY DEPUTY","1486 PINEY RD","NORTH FORT MYERS","2026-07-05 06:03:05.33297+00","EXACT",,"{""id"": ""26-353782"", ""city"": ""NORTH FORT MYERS"", ""nature"": ""DISTURBANCE"", ""address"": ""1486 PINEY RD"", ""disposition"": ""05-HANDLED BY DEPUTY"", ""occuredDate"": ""2026-07-01 20:33:16.0000000"", ""incidentNumber"": ""26-353782""}",0,"tolga_ec2_1","2026-07-05 05:03:00.770991+00","2026-07-05 04:53:21.588592+00"
"lee_county","26-353765","2026-07-02 00:21:56+00","2026-07-05 04:53:21.588592+00",26.709590237076,-81.729500554283,"DISTURBANCE","05-HANDLED BY DEPUTY","13974 MATANZAS DR","FORT MYERS","2026-07-05 06:03:05.33297+00","EXACT",,"{""id"": ""26-353765"", ""city"": ""FORT MYERS"", ""nature"": ""DISTURBANCE"", ""address"": ""13974 MATANZAS DR"", ""disposition"": ""05-HANDLED BY DEPUTY"", ""occuredDate"": ""2026-07-01 20:21:56.0000000"", ""incidentNumber"": ""26-353765""}",0,"tolga_ec2_1","2026-07-05 05:03:00.770991+00","2026-07-05 04:53:21.588592+00"
"lee_county","26-353747","2026-07-02 00:07:49+00","2026-07-05 04:53:21.588592+00",26.698140935577,-81.771806956731,"DISTURBANCE","05-HANDLED BY DEPUTY","11151 PALM BEACH BLVD","FORT MYERS","2026-07-05 06:03:05.33297+00","EXACT",,"{""id"": ""26-353747"", ""city"": ""FORT MYERS"", ""nature"": ""DISTURBANCE"", ""address"": ""11151 PALM BEACH BLVD"", ""disposition"": ""05-HANDLED BY DEPUTY"", ""occuredDate"": ""2026-07-01 20:07:49.0000000"", ""incidentNumber"": ""26-353747""}",0,"tolga_ec2_1","2026-07-05 05:03:00.770991+00","2026-07-05 04:53:21.588592+00"
"lee_county","26-353723","2026-07-01 23:45:09+00","2026-07-05 04:53:21.588592+00",26.659698097506,-81.896286377283,"DISTURBANCE","05-HANDLED BY DEPUTY","3462 HANCOCK BRIDGE PKWY","NORTH FORT MYERS","2026-07-05 06:03:05.33297+00","EXACT",,"{""id"": ""26-353723"", ""city"": ""NORTH FORT MYERS"", ""nature"": ""DISTURBANCE"", ""address"": ""3462 HANCOCK BRIDGE PKWY"", ""disposition"": ""05-HANDLED BY DEPUTY"", ""occuredDate"": ""2026-07-01 19:45:09.0000000"", ""incidentNumber"": ""26-353723""}",0,"tolga_ec2_1","2026-07-05 05:03:00.770991+00","2026-07-05 04:53:21.588592+00"
"lee_county","26-353721","2026-07-01 23:43:32+00","2026-07-05 04:53:21.588592+00",26.572307249802,-81.680798797354,"DISTURBANCE","05-HANDLED BY DEPUTY","3210 45TH ST SW","LEHIGH ACRES","2026-07-05 06:03:05.33297+00","EXACT",,"{""id"": ""26-353721"", ""city"": ""LEHIGH ACRES"", ""nature"": ""DISTURBANCE"", ""address"": ""3210 45TH ST SW"", ""disposition"": ""05-HANDLED BY DEPUTY"", ""occuredDate"": ""2026-07-01 19:43:32.0000000"", ""incidentNumber"": ""26-353721""}",0,"tolga_ec2_1","2026-07-05 05:03:00.770991+00","2026-07-05 04:53:21.588592+00"
"lee_county","26-353682","2026-07-01 23:17:00+00","2026-07-05 04:53:21.588592+00",26.4515663,-81.7876211,"DISTURBANCE","15-WRITTEN DOCUMENTATION NON UCR","10161 SHEPHARD ST","ESTERO","2026-07-05 06:03:05.33297+00","nominatim:unclassified",,"{""id"": ""26-353682"", ""city"": ""ESTERO"", ""nature"": ""DISTURBANCE"", ""address"": ""10161 SHEPHARD ST"", ""disposition"": ""15-WRITTEN DOCUMENTATION NON UCR"", ""occuredDate"": ""2026-07-01 19:17:00.0000000"", ""incidentNumber"": ""26-353682""}",0,"tolga_ec2_1","2026-07-05 05:03:00.770991+00","2026-07-05 04:53:21.588592+00"
"lee_county","26-353659","2026-07-01 23:03:54+00","2026-07-05 04:53:21.588592+00",26.499644189266,-82.085869099979,"DISTURBANCE","05-HANDLED BY DEPUTY","2701 YORK RD","SAINT JAMES CITY","2026-07-05 06:03:05.33297+00","EXACT",,"{""id"": ""26-353659"", ""city"": ""SAINT JAMES CITY"", ""nature"": ""DISTURBANCE"", ""address"": ""2701 YORK RD"", ""disposition"": ""05-HANDLED BY DEPUTY"", ""occuredDate"": ""2026-07-01 19:03:54.0000000"", ""incidentNumber"": ""26-353659""}",0,"tolga_ec2_1","2026-07-05 05:03:00.770991+00","2026-07-05 04:53:21.588592+00"
"lee_county","26-353645","2026-07-01 22:52:48+00","2026-07-05 04:53:21.588592+00",26.695519415574,-81.871798700376,"DEATH INVESTIGATION","15-WRITTEN DOCUMENTATION NON UCR","513 PINE TREE CT","NORTH FORT MYERS","2026-07-05 06:03:05.33297+00","EXACT",,"{""id"": ""26-353645"", ""city"": ""NORTH FORT MYERS"", ""nature"": ""DEATH INVESTIGATION"", ""address"": ""513 PINE TREE CT"", ""disposition"": ""15-WRITTEN DOCUMENTATION NON UCR"", ""occuredDate"": ""2026-07-01 18:52:48.0000000"", ""incidentNumber"": ""26-353645""}",0,"tolga_ec2_1","2026-07-05 05:03:00.770991+00","2026-07-05 04:53:21.588592+00"
"lee_county","26-353640","2026-07-01 22:48:19+00","2026-07-05 04:53:21.588592+00",26.676447327939,-81.677014036097,"DISTURBANCE","05-HANDLED BY DEPUTY","3014 65TH ST W","LEHIGH ACRES","2026-07-05 06:03:05.33297+00","EXACT",,"{""id"": ""26-353640"", ""city"": ""LEHIGH ACRES"", ""nature"": ""DISTURBANCE"", ""address"": ""3014 65TH ST W"", ""disposition"": ""05-HANDLED BY DEPUTY"", ""occuredDate"": ""2026-07-01 18:48:19.0000000"", ""incidentNumber"": ""26-353640""}",0,"tolga_ec2_1","2026-07-05 05:03:00.770991+00","2026-07-05 04:53:21.588592+00"
"lee_county","26-353621","2026-07-01 22:39:06+00","2026-07-05 04:53:21.588592+00",26.586405535406,-81.871735451052,"HARASSMENT","07-TURNED OVER TO OTHER AGENCY","5005 S CLEVELAND AVE","FORT MYERS","2026-07-05 06:03:05.33297+00","EXACT",,"{""id"": ""26-353621"", ""city"": ""FORT MYERS"", ""nature"": ""HARASSMENT"", ""address"": ""5005 S CLEVELAND AVE"", ""disposition"": ""07-TURNED OVER TO OTHER AGENCY"", ""occuredDate"": ""2026-07-01 18:39:06.0000000"", ""incidentNumber"": ""26-353621""}",0,"tolga_ec2_1","2026-07-05 05:03:00.770991+00","2026-07-05 04:53:21.588592+00"
"lee_county","26-353593","2026-07-01 22:17:58+00","2026-07-05 04:53:21.588592+00",26.669047147243,-81.822442613283,"DISTURBANCE","05-HANDLED BY DEPUTY","541 NEW YORK DR","FORT MYERS","2026-07-05 06:03:05.33297+00","EXACT",,"{""id"": ""26-353593"", ""city"": ""FORT MYERS"", ""nature"": ""DISTURBANCE"", ""address"": ""541 NEW YORK DR"", ""disposition"": ""05-HANDLED BY DEPUTY"", ""occuredDate"": ""2026-07-01 18:17:58.0000000"", ""incidentNumber"": ""26-353593""}",0,"tolga_ec2_1","2026-07-05 05:03:00.770991+00","2026-07-05 04:53:21.588592+00"
"lee_county","26-353579","2026-07-01 22:11:00+00","2026-07-05 04:53:21.588592+00",26.330707834714,-81.809107296204,"GRAND THEFT - RETAIL","08-REPORT TAKEN","3302 BONITA BEACH RD SW","BONITA SPRINGS","2026-07-05 06:03:05.33297+00","EXACT",,"{""id"": ""26-353579"", ""city"": ""BONITA SPRINGS"", ""nature"": ""GRAND THEFT - RETAIL"", ""address"": ""3302 BONITA BEACH RD SW"", ""disposition"": ""08-REPORT TAKEN"", ""occuredDate"": ""2026-07-01 18:11:00.0000000"", ""incidentNumber"": ""26-353579""}",0,"tolga_ec2_1","2026-07-05 05:03:00.770991+00","2026-07-05 04:53:21.588592+00"
"lee_county","26-353561","2026-07-01 22:01:00+00","2026-07-05 04:53:21.588592+00",26.596048575205,-81.619176156809,"DISTURBANCE","15-WRITTEN DOCUMENTATION NON UCR","621 SHADYSIDE ST","LEHIGH ACRES","2026-07-05 06:03:05.33297+00","EXACT",,"{""id"": ""26-353561"", ""city"": ""LEHIGH ACRES"", ""nature"": ""DISTURBANCE"", ""address"": ""621 SHADYSIDE ST"", ""disposition"": ""15-WRITTEN DOCUMENTATION NON UCR"", ""occuredDate"": ""2026-07-01 18:01:00.0000000"", ""incidentNumber"": ""26-353561""}",0,"tolga_ec2_1","2026-07-05 05:03:00.770991+00","2026-07-05 04:53:21.588592+00"
"lee_county","26-353552","2026-07-01 21:55:37+00","2026-07-05 04:53:21.588592+00",26.519279745527,-81.82516495021,"ANIMAL","15-WRITTEN DOCUMENTATION NON UCR","7810 KNIGHTWING CIR","FORT MYERS","2026-07-05 06:03:05.33297+00","EXACT",,"{""id"": ""26-353552"", ""city"": ""FORT MYERS"", ""nature"": ""ANIMAL"", ""address"": ""7810 KNIGHTWING CIR"", ""disposition"": ""15-WRITTEN DOCUMENTATION NON UCR"", ""occuredDate"": ""2026-07-01 17:55:37.0000000"", ""incidentNumber"": ""26-353552""}",0,"tolga_ec2_1","2026-07-05 05:03:00.770991+00","2026-07-05 04:53:21.588592+00"
"lee_county","26-353526","2026-07-01 21:38:20+00","2026-07-05 04:53:21.588592+00",26.355052792824,-81.790899528085,"DEATH INVESTIGATION","08-REPORT TAKEN","26206 COLONY RD","BONITA SPRINGS","2026-07-05 06:03:05.33297+00","EXACT",,"{""id"": ""26-353526"", ""city"": ""BONITA SPRINGS"", ""nature"": ""DEATH INVESTIGATION"", ""address"": ""26206 COLONY RD"", ""disposition"": ""08-REPORT TAKEN"", ""occuredDate"": ""2026-07-01 17:38:20.0000000"", ""incidentNumber"": ""26-353526""}",0,"tolga_ec2_1","2026-07-05 05:03:00.770991+00","2026-07-05 04:53:21.588592+00"
"lee_county","26-353514","2026-07-01 21:31:02+00","2026-07-05 04:53:21.588592+00",26.684765112447,-81.874245466096,"HARASSMENT","05-HANDLED BY DEPUTY","242 CHALMER DR","NORTH FORT MYERS","2026-07-05 06:03:05.33297+00","EXACT",,"{""id"": ""26-353514"", ""city"": ""NORTH FORT MYERS"", ""nature"": ""HARASSMENT"", ""address"": ""242 CHALMER DR"", ""disposition"": ""05-HANDLED BY DEPUTY"", ""occuredDate"": ""2026-07-01 17:31:02.0000000"", ""incidentNumber"": ""26-353514""}",0,"tolga_ec2_1","2026-07-05 05:03:00.770991+00","2026-07-05 04:53:21.588592+00"
"lee_county","26-353481","2026-07-01 21:03:00+00","2026-07-05 04:53:21.588592+00",26.670363752973,-81.830517256405,"BURGLARY - CONV","08-REPORT TAKEN","4100 EDGEWOOD AVE","FORT MYERS","2026-07-05 06:03:05.33297+00","EXACT",,"{""id"": ""26-353481"", ""city"": ""FORT MYERS"", ""nature"": ""BURGLARY - CONV"", ""address"": ""4100 EDGEWOOD AVE"", ""disposition"": ""08-REPORT TAKEN"", ""occuredDate"": ""2026-07-01 17:03:00.0000000"", ""incidentNumber"": ""26-353481""}",0,"tolga_ec2_1","2026-07-05 05:03:00.770991+00","2026-07-05 04:53:21.588592+00"
"lee_county","26-353480","2026-07-01 21:02:56+00","2026-07-05 04:53:21.588592+00",26.718582872408,-81.709097511268,"ANIMAL LIVESTOCK","05-HANDLED BY DEPUTY","15178 OLD OLGA RD","ALVA","2026-07-05 06:03:05.33297+00","EXACT",,"{""id"": ""26-353480"", ""city"": ""ALVA"", ""nature"": ""ANIMAL LIVESTOCK"", ""address"": ""15178 OLD OLGA RD"", ""disposition"": ""05-HANDLED BY DEPUTY"", ""occuredDate"": ""2026-07-01 17:02:56.0000000"", ""incidentNumber"": ""26-353480""}",0,"tolga_ec2_1","2026-07-05 05:03:00.770991+00","2026-07-05 04:53:21.588592+00"
"lee_county","26-353477","2026-07-01 20:59:36+00","2026-07-05 04:53:21.588592+00",26.637568433759,-82.038312006677,"GRAND THEFT - RETAIL","08-REPORT TAKEN","3071 NE PINE ISLAND RD","CAPE CORAL","2026-07-05 06:03:05.33297+00","EXACT",,"{""id"": ""26-353477"", ""city"": ""CAPE CORAL"", ""nature"": ""GRAND THEFT - RETAIL"", ""address"": ""3071 NE PINE ISLAND RD"", ""disposition"": ""08-REPORT TAKEN"", ""occuredDate"": ""2026-07-01 16:59:36.0000000"", ""incidentNumber"": ""26-353477""}",0,"tolga_ec2_1","2026-07-05 05:03:00.770991+00","2026-07-05 04:53:21.588592+00"
"lee_county","26-353475","2026-07-01 20:58:00+00","2026-07-05 04:53:21.588592+00",26.682677123968,-81.85414117415,"RECOVER VEHICLE","08-REPORT TAKEN","6270 RIVER CLUB CT","NORTH FORT MYERS","2026-07-05 06:03:05.33297+00","EXACT",,"{""id"": ""26-353475"", ""city"": ""NORTH FORT MYERS"", ""nature"": ""RECOVER VEHICLE"", ""address"": ""6270 RIVER CLUB CT"", ""disposition"": ""08-REPORT TAKEN"", ""occuredDate"": ""2026-07-01 16:58:00.0000000"", ""incidentNumber"": ""26-353475""}",0,"tolga_ec2_1","2026-07-05 05:03:00.770991+00","2026-07-05 04:53:21.588592+00"
"lee_county","26-353405","2026-07-01 20:11:07+00","2026-07-04 16:53:21.584937+00",26.610931827943,-81.753415157003,"DISTURBANCE","05-HANDLED BY DEPUTY","5319 28TH ST SW","LEHIGH ACRES","2026-07-04 18:03:48.714394+00","EXACT",,"{""id"": ""26-353405"", ""city"": ""LEHIGH ACRES"", ""nature"": ""DISTURBANCE"", ""address"": ""5319 28TH ST SW"", ""disposition"": ""05-HANDLED BY DEPUTY"", ""occuredDate"": ""2026-07-01 16:11:07.0000000"", ""incidentNumber"": ""26-353405""}",0,"tolga_ec2_2","2026-07-04 17:03:01.663527+00","2026-07-04 16:53:21.584937+00"
"lee_county","26-353381","2026-07-01 20:02:04+00","2026-07-04 16:53:21.584937+00",26.352399938179,-81.750962513394,"ANIMAL","11-CONDITION CORRECTED","26522 MORTON AVE","BONITA SPRINGS","2026-07-04 18:03:48.714394+00","EXACT",,"{""id"": ""26-353381"", ""city"": ""BONITA SPRINGS"", ""nature"": ""ANIMAL"", ""address"": ""26522 MORTON AVE"", ""disposition"": ""11-CONDITION CORRECTED"", ""occuredDate"": ""2026-07-01 16:02:04.0000000"", ""incidentNumber"": ""26-353381""}",0,"tolga_ec2_2","2026-07-04 17:03:01.663527+00","2026-07-04 16:53:21.584937+00"
"lee_county","26-353365","2026-07-01 19:52:08+00","2026-07-04 16:53:21.584937+00",26.608215636147,-81.651556997264,"HARASSMENT","10-GONE ON ARRIVAL","1301 HOMESTEAD RD N","LEHIGH ACRES","2026-07-04 18:03:48.714394+00","EXACT",,"{""id"": ""26-353365"", ""city"": ""LEHIGH ACRES"", ""nature"": ""HARASSMENT"", ""address"": ""1301 HOMESTEAD RD N"", ""disposition"": ""10-GONE ON ARRIVAL"", ""occuredDate"": ""2026-07-01 15:52:08.0000000"", ""incidentNumber"": ""26-353365""}",0,"tolga_ec2_2","2026-07-04 17:03:01.663527+00","2026-07-04 16:53:21.584937+00"
"lee_county","26-353351","2026-07-01 19:44:17+00","2026-07-04 16:53:21.584937+00",26.571402445008,-81.668247473615,"DISTURBANCE","05-HANDLED BY DEPUTY","4600 FLORA AVE S","LEHIGH ACRES","2026-07-04 18:03:48.714394+00","EXACT",,"{""id"": ""26-353351"", ""city"": ""LEHIGH ACRES"", ""nature"": ""DISTURBANCE"", ""address"": ""4600 FLORA AVE S"", ""disposition"": ""05-HANDLED BY DEPUTY"", ""occuredDate"": ""2026-07-01 15:44:17.0000000"", ""incidentNumber"": ""26-353351""}",0,"tolga_ec2_2","2026-07-04 17:03:01.663527+00","2026-07-04 16:53:21.584937+00"
"lee_county","26-353341","2026-07-01 19:34:49+00","2026-07-04 16:53:21.584937+00",26.612770888926,-81.6728103738,"ANIMAL","11-CONDITION CORRECTED","IDA AVE / 8TH ST","LEHIGH ACRES","2026-07-04 18:03:48.714394+00","EXACT",,"{""id"": ""26-353341"", ""city"": ""LEHIGH ACRES"", ""nature"": ""ANIMAL"", ""address"": ""IDA AVE / 8TH ST"", ""disposition"": ""11-CONDITION CORRECTED"", ""occuredDate"": ""2026-07-01 15:34:49.0000000"", ""incidentNumber"": ""26-353341""}",0,"tolga_ec2_2","2026-07-04 17:03:01.663527+00","2026-07-04 16:53:21.584937+00"
"lee_county","26-353253","2026-07-01 18:57:16+00","2026-07-04 16:53:21.584937+00",26.57125254885,-81.616528938814,"DISTURBANCE","05-HANDLED BY DEPUTY","668 CHEMSTRAND ST E","LEHIGH ACRES","2026-07-04 18:03:48.714394+00","EXACT",,"{""id"": ""26-353253"", ""city"": ""LEHIGH ACRES"", ""nature"": ""DISTURBANCE"", ""address"": ""668 CHEMSTRAND ST E"", ""disposition"": ""05-HANDLED BY DEPUTY"", ""occuredDate"": ""2026-07-01 14:57:16.0000000"", ""incidentNumber"": ""26-353253""}",0,"tolga_ec2_2","2026-07-04 17:03:01.663527+00","2026-07-04 16:53:21.584937+00"
"lee_county","26-353183","2026-07-01 18:32:31+00","2026-07-04 16:53:21.584937+00",26.746046962985,-81.814020981071,"ANIMAL LIVESTOCK","05-HANDLED BY DEPUTY","19291 SKIPPER RD","NORTH FORT MYERS","2026-07-04 18:03:48.714394+00","EXACT",,"{""id"": ""26-353183"", ""city"": ""NORTH FORT MYERS"", ""nature"": ""ANIMAL LIVESTOCK"", ""address"": ""19291 SKIPPER RD"", ""disposition"": ""05-HANDLED BY DEPUTY"", ""occuredDate"": ""2026-07-01 14:32:31.0000000"", ""incidentNumber"": ""26-353183""}",0,"tolga_ec2_2","2026-07-04 17:03:01.663527+00","2026-07-04 16:53:21.584937+00"
"lee_county","26-353108","2026-07-01 18:07:57+00","2026-07-04 16:53:21.584937+00",26.67581038124,-81.822584420315,"DISTURBANCE","05-HANDLED BY DEPUTY","359 NEW YORK DR","FORT MYERS","2026-07-04 18:03:48.714394+00","EXACT",,"{""id"": ""26-353108"", ""city"": ""FORT MYERS"", ""nature"": ""DISTURBANCE"", ""address"": ""359 NEW YORK DR"", ""disposition"": ""05-HANDLED BY DEPUTY"", ""occuredDate"": ""2026-07-01 14:07:57.0000000"", ""incidentNumber"": ""26-353108""}",0,"tolga_ec2_2","2026-07-04 17:03:01.663527+00","2026-07-04 16:53:21.584937+00"
"lee_county","26-353012","2026-07-01 17:26:00+00","2026-07-04 16:53:21.584937+00",26.503577519862,-81.857314148258,"DISTURBANCE","08-REPORT TAKEN","16450 TAMIAMI TRAIL S","FORT MYERS","2026-07-04 18:03:48.714394+00","EXACT",,"{""id"": ""26-353012"", ""city"": ""FORT MYERS"", ""nature"": ""DISTURBANCE"", ""address"": ""16450 TAMIAMI TRAIL S"", ""disposition"": ""08-REPORT TAKEN"", ""occuredDate"": ""2026-07-01 13:26:00.0000000"", ""incidentNumber"": ""26-353012""}",0,"tolga_ec2_2","2026-07-04 17:03:01.663527+00","2026-07-04 16:53:21.584937+00"
"lee_county","26-353005","2026-07-01 17:24:41+00","2026-07-04 16:53:21.584937+00",26.620083968909,-81.597778134475,"DISTURBANCE","05-HANDLED BY DEPUTY","522 JOEL","LEHIGH ACRES","2026-07-04 18:03:48.714394+00","EXACT",,"{""id"": ""26-353005"", ""city"": ""LEHIGH ACRES"", ""nature"": ""DISTURBANCE"", ""address"": ""522 JOEL"", ""disposition"": ""05-HANDLED BY DEPUTY"", ""occuredDate"": ""2026-07-01 13:24:41.0000000"", ""incidentNumber"": ""26-353005""}",0,"tolga_ec2_2","2026-07-04 17:03:01.663527+00","2026-07-04 16:53:21.584937+00"
"lee_county","26-352959","2026-07-01 17:07:15+00","2026-07-04 16:53:21.584937+00",26.60827488994,-81.635941967588,"SHOTS FIRED","10-GONE ON ARRIVAL","212 JEFFERSON DR","LEHIGH ACRES","2026-07-04 18:03:48.714394+00","EXACT",,"{""id"": ""26-352959"", ""city"": ""LEHIGH ACRES"", ""nature"": ""SHOTS FIRED"", ""address"": ""212 JEFFERSON DR"", ""disposition"": ""10-GONE ON ARRIVAL"", ""occuredDate"": ""2026-07-01 13:07:15.0000000"", ""incidentNumber"": ""26-352959""}",0,"tolga_ec2_2","2026-07-04 17:03:01.663527+00","2026-07-04 16:53:21.584937+00"
"lee_county","26-352951","2026-07-01 17:03:00+00","2026-07-04 16:53:21.584937+00",26.6833164,-81.875206,"RECOVER VEHICLE","08-REPORT TAKEN","BAYSHORE RD / OLD BRIDGE RD","NORTH FORT MYERS","2026-07-04 18:03:48.714394+00","overpass:intersection",,"{""id"": ""26-352951"", ""city"": ""NORTH FORT MYERS"", ""nature"": ""RECOVER VEHICLE"", ""address"": ""BAYSHORE RD / OLD BRIDGE RD"", ""disposition"": ""08-REPORT TAKEN"", ""occuredDate"": ""2026-07-01 13:03:00.0000000"", ""incidentNumber"": ""26-352951""}",0,"tolga_ec2_2","2026-07-04 17:03:01.663527+00","2026-07-04 16:53:21.584937+00"
"lee_county","26-352943","2026-07-01 17:01:00+00","2026-07-04 16:53:21.584937+00",26.720247396018,-81.902936049277,"DEATH INVESTIGATION","15-WRITTEN DOCUMENTATION NON UCR","3988 SABAL SPRINGS BLVD","NORTH FORT MYERS","2026-07-04 18:03:48.714394+00","EXACT",,"{""id"": ""26-352943"", ""city"": ""NORTH FORT MYERS"", ""nature"": ""DEATH INVESTIGATION"", ""address"": ""3988 SABAL SPRINGS BLVD"", ""disposition"": ""15-WRITTEN DOCUMENTATION NON UCR"", ""occuredDate"": ""2026-07-01 13:01:00.0000000"", ""incidentNumber"": ""26-352943""}",0,"tolga_ec2_2","2026-07-04 17:03:01.663527+00","2026-07-04 16:53:21.584937+00"
"lee_county","26-352874","2026-07-01 16:32:03+00","2026-07-04 16:53:21.584937+00",26.636534371248,-81.616731660316,"FRAUD","08-REPORT TAKEN","1016 MAPLE AVE N","LEHIGH ACRES","2026-07-04 18:03:48.714394+00","EXACT",,"{""id"": ""26-352874"", ""city"": ""LEHIGH ACRES"", ""nature"": ""FRAUD"", ""address"": ""1016 MAPLE AVE N"", ""disposition"": ""08-REPORT TAKEN"", ""occuredDate"": ""2026-07-01 12:32:03.0000000"", ""incidentNumber"": ""26-352874""}",0,"tolga_ec2_2","2026-07-04 17:03:01.663527+00","2026-07-04 16:53:21.584937+00"
"lee_county","26-352773","2026-07-01 15:38:52+00","2026-07-04 16:53:21.584937+00",26.689756558539,-81.775630284739,"SHOTS FIRED","10-GONE ON ARRIVAL","3710 LITTLE CREEK DR","FORT MYERS","2026-07-04 18:03:48.714394+00","EXACT",,"{""id"": ""26-352773"", ""city"": ""FORT MYERS"", ""nature"": ""SHOTS FIRED"", ""address"": ""3710 LITTLE CREEK DR"", ""disposition"": ""10-GONE ON ARRIVAL"", ""occuredDate"": ""2026-07-01 11:38:52.0000000"", ""incidentNumber"": ""26-352773""}",0,"tolga_ec2_2","2026-07-04 17:03:01.663527+00","2026-07-04 16:53:21.584937+00"
"lee_county","26-352747","2026-07-01 15:27:33+00","2026-07-04 16:53:21.584937+00",26.541956208653,-81.872217136903,"THEFT MISD","08-REPORT TAKEN","7051 CYPRESS TER","FORT MYERS","2026-07-04 18:03:48.714394+00","EXACT",,"{""id"": ""26-352747"", ""city"": ""FORT MYERS"", ""nature"": ""THEFT MISD"", ""address"": ""7051 CYPRESS TER"", ""disposition"": ""08-REPORT TAKEN"", ""occuredDate"": ""2026-07-01 11:27:33.0000000"", ""incidentNumber"": ""26-352747""}",0,"tolga_ec2_2","2026-07-04 17:03:01.663527+00","2026-07-04 16:53:21.584937+00"
"lee_county","26-352655","2026-07-01 14:51:18+00","2026-07-04 16:53:21.584937+00",26.694866333006,-81.730611671008,"DISTURBANCE","05-HANDLED BY DEPUTY","12764 FAIRWAY COVE CT","FORT MYERS","2026-07-04 18:03:48.714394+00","EXACT",,"{""id"": ""26-352655"", ""city"": ""FORT MYERS"", ""nature"": ""DISTURBANCE"", ""address"": ""12764 FAIRWAY COVE CT"", ""disposition"": ""05-HANDLED BY DEPUTY"", ""occuredDate"": ""2026-07-01 10:51:18.0000000"", ""incidentNumber"": ""26-352655""}",0,"tolga_ec2_2","2026-07-04 17:03:01.663527+00","2026-07-04 16:53:21.584937+00"
"lee_county","26-352649","2026-07-01 14:48:57+00","2026-07-04 16:53:21.584937+00",26.597081619311,-81.740189738381,"DISTURBANCE","05-HANDLED BY DEPUTY","4884 30TH ST SW","LEHIGH ACRES","2026-07-04 18:03:48.714394+00","EXACT",,"{""id"": ""26-352649"", ""city"": ""LEHIGH ACRES"", ""nature"": ""DISTURBANCE"", ""address"": ""4884 30TH ST SW"", ""disposition"": ""05-HANDLED BY DEPUTY"", ""occuredDate"": ""2026-07-01 10:48:57.0000000"", ""incidentNumber"": ""26-352649""}",0,"tolga_ec2_2","2026-07-04 17:03:01.663527+00","2026-07-04 16:53:21.584937+00"
"lee_county","26-352613","2026-07-01 14:35:00+00","2026-07-04 16:53:21.584937+00",26.720106844039,-81.826072995065,"STOLEN LICENSE PLATE/DECAL","08-REPORT TAKEN","17550 EAST ST","NORTH FORT MYERS","2026-07-04 18:03:48.714394+00","EXACT",,"{""id"": ""26-352613"", ""city"": ""NORTH FORT MYERS"", ""nature"": ""STOLEN LICENSE PLATE/DECAL"", ""address"": ""17550 EAST ST"", ""disposition"": ""08-REPORT TAKEN"", ""occuredDate"": ""2026-07-01 10:35:00.0000000"", ""incidentNumber"": ""26-352613""}",0,"tolga_ec2_2","2026-07-04 17:03:01.663527+00","2026-07-04 16:53:21.584937+00"
"lee_county","26-352604","2026-07-01 14:31:29+00","2026-07-04 16:53:21.584937+00",26.685524485124,-81.885008680019,"HARASSMENT","11-CONDITION CORRECTED","1895 N TAMIAMI TRL","NORTH FORT MYERS","2026-07-04 18:03:48.714394+00","EXACT",,"{""id"": ""26-352604"", ""city"": ""NORTH FORT MYERS"", ""nature"": ""HARASSMENT"", ""address"": ""1895 N TAMIAMI TRL"", ""disposition"": ""11-CONDITION CORRECTED"", ""occuredDate"": ""2026-07-01 10:31:29.0000000"", ""incidentNumber"": ""26-352604""}",0,"tolga_ec2_2","2026-07-04 17:03:01.663527+00","2026-07-04 16:53:21.584937+00"
"lee_county","26-352565","2026-07-01 14:14:27+00","2026-07-04 16:53:21.584937+00",26.6754031683,-81.696291233043,"DEATH INVESTIGATION","08-REPORT TAKEN","3709 TRACY ST","FORT MYERS","2026-07-04 18:03:48.714394+00","EXACT",,"{""id"": ""26-352565"", ""city"": ""FORT MYERS"", ""nature"": ""DEATH INVESTIGATION"", ""address"": ""3709 TRACY ST"", ""disposition"": ""08-REPORT TAKEN"", ""occuredDate"": ""2026-07-01 10:14:27.0000000"", ""incidentNumber"": ""26-352565""}",0,"tolga_ec2_2","2026-07-04 17:03:01.663527+00","2026-07-04 16:53:21.584937+00"
"lee_county","26-352541","2026-07-01 14:07:03+00","2026-07-04 16:53:21.584937+00",26.614448685324,-81.654126219963,"DISTURBANCE","05-HANDLED BY DEPUTY","1350 LEE BLVD","LEHIGH ACRES","2026-07-04 18:03:48.714394+00","EXACT",,"{""id"": ""26-352541"", ""city"": ""LEHIGH ACRES"", ""nature"": ""DISTURBANCE"", ""address"": ""1350 LEE BLVD"", ""disposition"": ""05-HANDLED BY DEPUTY"", ""occuredDate"": ""2026-07-01 10:07:03.0000000"", ""incidentNumber"": ""26-352541""}",0,"tolga_ec2_2","2026-07-04 17:03:01.663527+00","2026-07-04 16:53:21.584937+00"
"lee_county","26-352535","2026-07-01 14:06:15+00","2026-07-04 16:53:21.584937+00",26.611667093257,-81.867319966258,"RECOVER GUN","15-WRITTEN DOCUMENTATION NON UCR","2122 CARRELL RD","FORT MYERS","2026-07-04 18:03:48.714394+00","EXACT",,"{""id"": ""26-352535"", ""city"": ""FORT MYERS"", ""nature"": ""RECOVER GUN"", ""address"": ""2122 CARRELL RD"", ""disposition"": ""15-WRITTEN DOCUMENTATION NON UCR"", ""occuredDate"": ""2026-07-01 10:06:15.0000000"", ""incidentNumber"": ""26-352535""}",0,"tolga_ec2_2","2026-07-04 17:03:01.663527+00","2026-07-04 16:53:21.584937+00"
"lee_county","26-352447","2026-07-01 13:38:20+00","2026-07-04 16:53:21.584937+00",26.720464886172,-81.869971606257,"DISTURBANCE","05-HANDLED BY DEPUTY","8306 MCDANIEL DR","NORTH FORT MYERS","2026-07-04 18:03:48.714394+00","EXACT",,"{""id"": ""26-352447"", ""city"": ""NORTH FORT MYERS"", ""nature"": ""DISTURBANCE"", ""address"": ""8306 MCDANIEL DR"", ""disposition"": ""05-HANDLED BY DEPUTY"", ""occuredDate"": ""2026-07-01 09:38:20.0000000"", ""incidentNumber"": ""26-352447""}",0,"tolga_ec2_2","2026-07-04 17:03:01.663527+00","2026-07-04 16:53:21.584937+00"
"lee_county","26-352219","2026-07-01 11:57:00+00","2026-07-04 16:53:21.584937+00",26.558970925597,-81.8693412601,"DEATH INVESTIGATION","08-REPORT TAKEN","2147 FLORA AVE","FORT MYERS","2026-07-04 18:03:48.714394+00","EXACT",,"{""id"": ""26-352219"", ""city"": ""FORT MYERS"", ""nature"": ""DEATH INVESTIGATION"", ""address"": ""2147 FLORA AVE"", ""disposition"": ""08-REPORT TAKEN"", ""occuredDate"": ""2026-07-01 07:57:00.0000000"", ""incidentNumber"": ""26-352219""}",0,"tolga_ec2_2","2026-07-04 17:03:01.663527+00","2026-07-04 16:53:21.584937+00"
"lee_county","26-352084","2026-07-01 10:51:25+00","2026-07-04 16:53:21.584937+00",26.563882127511,-81.604698598242,"DISTURBANCE","05-HANDLED BY DEPUTY","639 BELL BLVD S","LEHIGH ACRES","2026-07-04 18:03:48.714394+00","EXACT",,"{""id"": ""26-352084"", ""city"": ""LEHIGH ACRES"", ""nature"": ""DISTURBANCE"", ""address"": ""639 BELL BLVD S"", ""disposition"": ""05-HANDLED BY DEPUTY"", ""occuredDate"": ""2026-07-01 06:51:25.0000000"", ""incidentNumber"": ""26-352084""}",0,"tolga_ec2_2","2026-07-04 17:03:01.663527+00","2026-07-04 16:53:21.584937+00"
"lee_county","26-352082","2026-07-01 10:51:17+00","2026-07-04 16:53:21.584937+00",26.572744782841,-81.644400275107,"DISTURBANCE","05-HANDLED BY DEPUTY","449 PETITE AVE","LEHIGH ACRES","2026-07-04 18:03:48.714394+00","EXACT",,"{""id"": ""26-352082"", ""city"": ""LEHIGH ACRES"", ""nature"": ""DISTURBANCE"", ""address"": ""449 PETITE AVE"", ""disposition"": ""05-HANDLED BY DEPUTY"", ""occuredDate"": ""2026-07-01 06:51:17.0000000"", ""incidentNumber"": ""26-352082""}",0,"tolga_ec2_2","2026-07-04 17:03:01.663527+00","2026-07-04 16:53:21.584937+00"
"lee_county","26-352002","2026-07-01 09:13:01+00","2026-07-04 16:53:21.584937+00",26.641687320291,-81.718600372549,"DISTURBANCE","15-WRITTEN DOCUMENTATION NON UCR","1193 BROOKLANDS DR","FORT MYERS","2026-07-04 18:03:48.714394+00","EXACT",,"{""id"": ""26-352002"", ""city"": ""FORT MYERS"", ""nature"": ""DISTURBANCE"", ""address"": ""1193 BROOKLANDS DR"", ""disposition"": ""15-WRITTEN DOCUMENTATION NON UCR"", ""occuredDate"": ""2026-07-01 05:13:01.0000000"", ""incidentNumber"": ""26-352002""}",0,"tolga_ec2_2","2026-07-04 17:03:01.663527+00","2026-07-04 16:53:21.584937+00"
"lee_county","26-351995","2026-07-01 09:00:15+00","2026-07-04 16:53:21.584937+00",26.503581836056,-81.914162671868,"ASSAULT/BATTERY","08-REPORT TAKEN","9981 SOUTH HEALTHPARK DR","FORT MYERS","2026-07-04 18:03:48.714394+00","EXACT",,"{""id"": ""26-351995"", ""city"": ""FORT MYERS"", ""nature"": ""ASSAULT/BATTERY"", ""address"": ""9981 SOUTH HEALTHPARK DR"", ""disposition"": ""08-REPORT TAKEN"", ""occuredDate"": ""2026-07-01 05:00:15.0000000"", ""incidentNumber"": ""26-351995""}",0,"tolga_ec2_2","2026-07-04 17:03:01.663527+00","2026-07-04 16:53:21.584937+00"
"lee_county","26-351945","2026-07-01 07:48:33+00","2026-07-04 04:53:21.577713+00",26.586183298949,-81.64308543444,"DISTURBANCE","05-HANDLED BY DEPUTY","425 CACTUS CIR","LEHIGH ACRES","2026-07-04 06:00:44.666025+00","EXACT",,"{""id"": ""26-351945"", ""city"": ""LEHIGH ACRES"", ""nature"": ""DISTURBANCE"", ""address"": ""425 CACTUS CIR"", ""disposition"": ""05-HANDLED BY DEPUTY"", ""occuredDate"": ""2026-07-01 03:48:33.0000000"", ""incidentNumber"": ""26-351945""}",0,"tolga_ec2_1","2026-07-04 05:01:24.956665+00","2026-07-04 04:53:21.577713+00"
"lee_county","26-351874","2026-07-01 05:55:43+00","2026-07-04 04:53:21.577713+00",26.572714037819,-81.87180149023,"DISTURBANCE","10-GONE ON ARRIVAL","11485 CLEVELAND","FORT MYERS","2026-07-04 06:00:44.666025+00","EXACT",,"{""id"": ""26-351874"", ""city"": ""FORT MYERS"", ""nature"": ""DISTURBANCE"", ""address"": ""11485 CLEVELAND"", ""disposition"": ""10-GONE ON ARRIVAL"", ""occuredDate"": ""2026-07-01 01:55:43.0000000"", ""incidentNumber"": ""26-351874""}",0,"tolga_ec2_1","2026-07-04 05:01:24.956665+00","2026-07-04 04:53:21.577713+00"
"lee_county","26-351861","2026-07-01 05:24:43+00","2026-07-04 04:53:21.577713+00",26.659876021082,-81.802447576528,"DISTURBANCE","05-HANDLED BY DEPUTY","5886 ENTERPRISE PKWY","FORT MYERS","2026-07-04 06:00:44.666025+00","EXACT",,"{""id"": ""26-351861"", ""city"": ""FORT MYERS"", ""nature"": ""DISTURBANCE"", ""address"": ""5886 ENTERPRISE PKWY"", ""disposition"": ""05-HANDLED BY DEPUTY"", ""occuredDate"": ""2026-07-01 01:24:43.0000000"", ""incidentNumber"": ""26-351861""}",0,"tolga_ec2_1","2026-07-04 05:01:24.956665+00","2026-07-04 04:53:21.577713+00"
"lee_county","26-351816","2026-07-01 04:42:56+00","2026-07-04 04:53:21.577713+00",26.351494199546,-81.784487988814,"DOMESTIC VIOLENCE","01-ARREST","10134 SUNSHINE DR","BONITA SPRINGS","2026-07-04 06:00:44.666025+00","EXACT",,"{""id"": ""26-351816"", ""city"": ""BONITA SPRINGS"", ""nature"": ""DOMESTIC VIOLENCE"", ""address"": ""10134 SUNSHINE DR"", ""disposition"": ""01-ARREST"", ""occuredDate"": ""2026-07-01 00:42:56.0000000"", ""incidentNumber"": ""26-351816""}",0,"tolga_ec2_1","2026-07-04 05:01:24.956665+00","2026-07-04 04:53:21.577713+00"
"lee_county","26-351809","2026-07-01 04:37:23+00","2026-07-04 04:53:21.577713+00",26.703711366893,-81.755680103958,"DISTURBANCE","05-HANDLED BY DEPUTY","12205 FIRST ST","FORT MYERS","2026-07-04 06:00:44.666025+00","EXACT",,"{""id"": ""26-351809"", ""city"": ""FORT MYERS"", ""nature"": ""DISTURBANCE"", ""address"": ""12205 FIRST ST"", ""disposition"": ""05-HANDLED BY DEPUTY"", ""occuredDate"": ""2026-07-01 00:37:23.0000000"", ""incidentNumber"": ""26-351809""}",0,"tolga_ec2_1","2026-07-04 05:01:24.956665+00","2026-07-04 04:53:21.577713+00"
"lee_county","26-351671","2026-07-01 02:47:13+00","2026-07-04 04:53:21.577713+00",26.699267468651,-81.721492085673,"DISTURBANCE","05-HANDLED BY DEPUTY","14209 OVIEDO PL","FORT MYERS","2026-07-04 06:00:44.666025+00","EXACT",,"{""id"": ""26-351671"", ""city"": ""FORT MYERS"", ""nature"": ""DISTURBANCE"", ""address"": ""14209 OVIEDO PL"", ""disposition"": ""05-HANDLED BY DEPUTY"", ""occuredDate"": ""2026-06-30 22:47:13.0000000"", ""incidentNumber"": ""26-351671""}",0,"tolga_ec2_1","2026-07-04 05:01:24.956665+00","2026-07-04 04:53:21.577713+00"
"lee_county","26-351638","2026-07-01 02:14:31+00","2026-07-04 04:53:21.577713+00",26.580167955082,-81.691896235812,"DISTURBANCE","05-HANDLED BY DEPUTY","3607 36TH ST SW","LEHIGH ACRES","2026-07-04 06:00:44.666025+00","EXACT",,"{""id"": ""26-351638"", ""city"": ""LEHIGH ACRES"", ""nature"": ""DISTURBANCE"", ""address"": ""3607 36TH ST SW"", ""disposition"": ""05-HANDLED BY DEPUTY"", ""occuredDate"": ""2026-06-30 22:14:31.0000000"", ""incidentNumber"": ""26-351638""}",0,"tolga_ec2_1","2026-07-04 05:01:24.956665+00","2026-07-04 04:53:21.577713+00"
"lee_county","26-351607","2026-07-01 01:54:42+00","2026-07-04 04:53:21.577713+00",26.597595869361,-81.733512382386,"DISTURBANCE","15-WRITTEN DOCUMENTATION NON UCR","2420 MANSFIELD AVE S","LEHIGH ACRES","2026-07-04 06:00:44.666025+00","EXACT",,"{""id"": ""26-351607"", ""city"": ""LEHIGH ACRES"", ""nature"": ""DISTURBANCE"", ""address"": ""2420 MANSFIELD AVE S"", ""disposition"": ""15-WRITTEN DOCUMENTATION NON UCR"", ""occuredDate"": ""2026-06-30 21:54:42.0000000"", ""incidentNumber"": ""26-351607""}",0,"tolga_ec2_1","2026-07-04 05:01:24.956665+00","2026-07-04 04:53:21.577713+00"
"lee_county","26-351576","2026-07-01 01:37:26+00","2026-07-04 04:53:21.577713+00",26.609542892742,-81.722521009037,"DISTURBANCE","15-WRITTEN DOCUMENTATION NON UCR","221 IVAN AVE S","LEHIGH ACRES","2026-07-04 06:00:44.666025+00","EXACT",,"{""id"": ""26-351576"", ""city"": ""LEHIGH ACRES"", ""nature"": ""DISTURBANCE"", ""address"": ""221 IVAN AVE S"", ""disposition"": ""15-WRITTEN DOCUMENTATION NON UCR"", ""occuredDate"": ""2026-06-30 21:37:26.0000000"", ""incidentNumber"": ""26-351576""}",0,"tolga_ec2_1","2026-07-04 05:01:24.956665+00","2026-07-04 04:53:21.577713+00"
"lee_county","26-351574","2026-07-01 01:36:44+00","2026-07-04 04:53:21.577713+00",26.624294492655,-81.680407383831,"DOMESTIC VIOLENCE","08-REPORT TAKEN","3210 12TH ST W","LEHIGH ACRES","2026-07-04 06:00:44.666025+00","EXACT",,"{""id"": ""26-351574"", ""city"": ""LEHIGH ACRES"", ""nature"": ""DOMESTIC VIOLENCE"", ""address"": ""3210 12TH ST W"", ""disposition"": ""08-REPORT TAKEN"", ""occuredDate"": ""2026-06-30 21:36:44.0000000"", ""incidentNumber"": ""26-351574""}",0,"tolga_ec2_1","2026-07-04 05:01:24.956665+00","2026-07-04 04:53:21.577713+00"
"lee_county","26-351492","2026-07-01 00:52:59+00","2026-07-04 04:53:21.577713+00",26.684919827273,-81.8922697843,"DISTURBANCE","05-HANDLED BY DEPUTY","239 CLARK ST","NORTH FORT MYERS","2026-07-04 06:00:44.666025+00","EXACT",,"{""id"": ""26-351492"", ""city"": ""NORTH FORT MYERS"", ""nature"": ""DISTURBANCE"", ""address"": ""239 CLARK ST"", ""disposition"": ""05-HANDLED BY DEPUTY"", ""occuredDate"": ""2026-06-30 20:52:59.0000000"", ""incidentNumber"": ""26-351492""}",0,"tolga_ec2_1","2026-07-04 05:01:24.956665+00","2026-07-04 04:53:21.577713+00"
"lee_county","26-351451","2026-07-01 00:30:48+00","2026-07-04 04:53:21.577713+00",26.659861361541,-81.674146832066,"HARASSMENT","05-HANDLED BY DEPUTY","2914 48TH ST W","LEHIGH ACRES","2026-07-04 06:00:44.666025+00","EXACT",,"{""id"": ""26-351451"", ""city"": ""LEHIGH ACRES"", ""nature"": ""HARASSMENT"", ""address"": ""2914 48TH ST W"", ""disposition"": ""05-HANDLED BY DEPUTY"", ""occuredDate"": ""2026-06-30 20:30:48.0000000"", ""incidentNumber"": ""26-351451""}",0,"tolga_ec2_1","2026-07-04 05:01:24.956665+00","2026-07-04 04:53:21.577713+00"
"lee_county","26-351441","2026-07-01 00:23:12+00","2026-07-04 04:53:21.577713+00",26.663474731628,-81.757669726221,"DISTURBANCE","05-HANDLED BY DEPUTY","5561 PANGOLA RD","FORT MYERS","2026-07-04 06:00:44.666025+00","EXACT",,"{""id"": ""26-351441"", ""city"": ""FORT MYERS"", ""nature"": ""DISTURBANCE"", ""address"": ""5561 PANGOLA RD"", ""disposition"": ""05-HANDLED BY DEPUTY"", ""occuredDate"": ""2026-06-30 20:23:12.0000000"", ""incidentNumber"": ""26-351441""}",0,"tolga_ec2_1","2026-07-04 05:01:24.956665+00","2026-07-04 04:53:21.577713+00"
"lee_county","26-351430","2026-07-01 00:18:25+00","2026-07-04 04:53:21.577713+00",26.600695692068,-81.608985433848,"DOMESTIC VIOLENCE","08-REPORT TAKEN","1405 FORD CIR","LEHIGH ACRES","2026-07-04 06:00:44.666025+00","EXACT",,"{""id"": ""26-351430"", ""city"": ""LEHIGH ACRES"", ""nature"": ""DOMESTIC VIOLENCE"", ""address"": ""1405 FORD CIR"", ""disposition"": ""08-REPORT TAKEN"", ""occuredDate"": ""2026-06-30 20:18:25.0000000"", ""incidentNumber"": ""26-351430""}",0,"tolga_ec2_1","2026-07-04 05:01:24.956665+00","2026-07-04 04:53:21.577713+00"
"lee_county","26-351388","2026-07-01 00:00:48+00","2026-07-04 04:53:21.577713+00",26.597820380183,-81.719385894119,"SHOTS FIRED","05-HANDLED BY DEPUTY","1515 HIGHTOWER AVE S","LEHIGH ACRES","2026-07-04 06:00:44.666025+00","EXACT",,"{""id"": ""26-351388"", ""city"": ""LEHIGH ACRES"", ""nature"": ""SHOTS FIRED"", ""address"": ""1515 HIGHTOWER AVE S"", ""disposition"": ""05-HANDLED BY DEPUTY"", ""occuredDate"": ""2026-06-30 20:00:48.0000000"", ""incidentNumber"": ""26-351388""}",0,"tolga_ec2_1","2026-07-04 05:01:24.956665+00","2026-07-04 04:53:21.577713+00"
"lee_county","26-351376","2026-06-30 23:55:32+00","2026-07-04 04:53:21.577713+00",26.676446103273,-81.677066521833,"HARASSMENT","05-HANDLED BY DEPUTY","3016 65TH ST W","LEHIGH ACRES","2026-07-04 06:00:44.666025+00","EXACT",,"{""id"": ""26-351376"", ""city"": ""LEHIGH ACRES"", ""nature"": ""HARASSMENT"", ""address"": ""3016 65TH ST W"", ""disposition"": ""05-HANDLED BY DEPUTY"", ""occuredDate"": ""2026-06-30 19:55:32.0000000"", ""incidentNumber"": ""26-351376""}",0,"tolga_ec2_1","2026-07-04 05:01:24.956665+00","2026-07-04 04:53:21.577713+00"
"lee_county","26-351345","2026-06-30 23:39:00+00","2026-07-04 04:53:21.577713+00",26.51100174529,-81.913874016602,"DEATH INVESTIGATION","08-REPORT TAKEN","9461 HEALTHPARK CIR","FORT MYERS","2026-07-04 06:00:44.666025+00","EXACT",,"{""id"": ""26-351345"", ""city"": ""FORT MYERS"", ""nature"": ""DEATH INVESTIGATION"", ""address"": ""9461 HEALTHPARK CIR"", ""disposition"": ""08-REPORT TAKEN"", ""occuredDate"": ""2026-06-30 19:39:00.0000000"", ""incidentNumber"": ""26-351345""}",0,"tolga_ec2_1","2026-07-04 05:01:24.956665+00","2026-07-04 04:53:21.577713+00"
"lee_county","26-351299","2026-06-30 23:15:50+00","2026-07-04 04:53:21.577713+00",26.70449676566,-81.723110319077,"DISTURBANCE","05-HANDLED BY DEPUTY","15517 SPRING LINE LN","FORT MYERS","2026-07-04 06:00:44.666025+00","EXACT",,"{""id"": ""26-351299"", ""city"": ""FORT MYERS"", ""nature"": ""DISTURBANCE"", ""address"": ""15517 SPRING LINE LN"", ""disposition"": ""05-HANDLED BY DEPUTY"", ""occuredDate"": ""2026-06-30 19:15:50.0000000"", ""incidentNumber"": ""26-351299""}",0,"tolga_ec2_1","2026-07-04 05:01:24.956665+00","2026-07-04 04:53:21.577713+00"
"lee_county","26-351288","2026-06-30 23:09:38+00","2026-07-04 04:53:21.577713+00",26.617258134639,-81.667755555816,"BURGLARY - CONV","08-REPORT TAKEN","2710 LEE BLVD","LEHIGH ACRES","2026-07-04 06:00:44.666025+00","EXACT",,"{""id"": ""26-351288"", ""city"": ""LEHIGH ACRES"", ""nature"": ""BURGLARY - CONV"", ""address"": ""2710 LEE BLVD"", ""disposition"": ""08-REPORT TAKEN"", ""occuredDate"": ""2026-06-30 19:09:38.0000000"", ""incidentNumber"": ""26-351288""}",0,"tolga_ec2_1","2026-07-04 05:01:24.956665+00","2026-07-04 04:53:21.577713+00"
"lee_county","26-351238","2026-06-30 22:26:16+00","2026-07-04 04:53:21.577713+00",26.513131651167,-81.904187480082,"DISTURBANCE","05-HANDLED BY DEPUTY","15241 SONOMA DR","FORT MYERS","2026-07-04 06:00:44.666025+00","EXACT",,"{""id"": ""26-351238"", ""city"": ""FORT MYERS"", ""nature"": ""DISTURBANCE"", ""address"": ""15241 SONOMA DR"", ""disposition"": ""05-HANDLED BY DEPUTY"", ""occuredDate"": ""2026-06-30 18:26:16.0000000"", ""incidentNumber"": ""26-351238""}",0,"tolga_ec2_1","2026-07-04 05:01:24.956665+00","2026-07-04 04:53:21.577713+00"
"lee_county","26-351236","2026-06-30 22:25:50+00","2026-07-04 04:53:21.577713+00",26.572453435422,-81.87334897423,"DISTURBANCE","15-WRITTEN DOCUMENTATION NON UCR","5522 FIRST AVE","FORT MYERS","2026-07-04 06:00:44.666025+00","EXACT",,"{""id"": ""26-351236"", ""city"": ""FORT MYERS"", ""nature"": ""DISTURBANCE"", ""address"": ""5522 FIRST AVE"", ""disposition"": ""15-WRITTEN DOCUMENTATION NON UCR"", ""occuredDate"": ""2026-06-30 18:25:50.0000000"", ""incidentNumber"": ""26-351236""}",0,"tolga_ec2_1","2026-07-04 05:01:24.956665+00","2026-07-04 04:53:21.577713+00"
"lee_county","26-351226","2026-06-30 22:15:24+00","2026-07-04 04:53:21.577713+00",26.704169443589,-81.855019841811,"DOMESTIC VIOLENCE","05-HANDLED BY DEPUTY","16541 SHELBY LN","NORTH FORT MYERS","2026-07-04 06:00:44.666025+00","EXACT",,"{""id"": ""26-351226"", ""city"": ""NORTH FORT MYERS"", ""nature"": ""DOMESTIC VIOLENCE"", ""address"": ""16541 SHELBY LN"", ""disposition"": ""05-HANDLED BY DEPUTY"", ""occuredDate"": ""2026-06-30 18:15:24.0000000"", ""incidentNumber"": ""26-351226""}",0,"tolga_ec2_1","2026-07-04 05:01:24.956665+00","2026-07-04 04:53:21.577713+00"
"lee_county","26-351224","2026-06-30 22:13:46+00","2026-07-04 04:53:21.577713+00",26.488396659021,-81.785282820536,"DISTURBANCE","05-HANDLED BY DEPUTY","10000 GULF CTR","FORT MYERS","2026-07-04 06:00:44.666025+00","EXACT",,"{""id"": ""26-351224"", ""city"": ""FORT MYERS"", ""nature"": ""DISTURBANCE"", ""address"": ""10000 GULF CTR"", ""disposition"": ""05-HANDLED BY DEPUTY"", ""occuredDate"": ""2026-06-30 18:13:46.0000000"", ""incidentNumber"": ""26-351224""}",0,"tolga_ec2_1","2026-07-04 05:01:24.956665+00","2026-07-04 04:53:21.577713+00"
"lee_county","26-351220","2026-06-30 22:11:40+00","2026-07-04 04:53:21.577713+00",26.685466353654,-81.853933939656,"BURGLARY - CONV","08-REPORT TAKEN","15198 SAM SNEAD LN","NORTH FORT MYERS","2026-07-04 06:00:44.666025+00","EXACT",,"{""id"": ""26-351220"", ""city"": ""NORTH FORT MYERS"", ""nature"": ""BURGLARY - CONV"", ""address"": ""15198 SAM SNEAD LN"", ""disposition"": ""08-REPORT TAKEN"", ""occuredDate"": ""2026-06-30 18:11:40.0000000"", ""incidentNumber"": ""26-351220""}",0,"tolga_ec2_1","2026-07-04 05:01:24.956665+00","2026-07-04 04:53:21.577713+00"
"lee_county","26-351214","2026-06-30 22:08:54+00","2026-07-04 04:53:21.577713+00",26.526400939076,-81.575249118651,"DISTURBANCE","05-HANDLED BY DEPUTY","1144 DARLING ST E","LEHIGH ACRES","2026-07-04 06:00:44.666025+00","EXACT",,"{""id"": ""26-351214"", ""city"": ""LEHIGH ACRES"", ""nature"": ""DISTURBANCE"", ""address"": ""1144 DARLING ST E"", ""disposition"": ""05-HANDLED BY DEPUTY"", ""occuredDate"": ""2026-06-30 18:08:54.0000000"", ""incidentNumber"": ""26-351214""}",0,"tolga_ec2_1","2026-07-04 05:01:24.956665+00","2026-07-04 04:53:21.577713+00"
"lee_county","26-351161","2026-06-30 21:38:19+00","2026-07-04 04:53:21.577713+00",26.60131808044,-81.642363838539,"FRAUD","08-REPORT TAKEN","23 ARKANSAS RD","LEHIGH ACRES","2026-07-04 06:00:44.666025+00","EXACT",,"{""id"": ""26-351161"", ""city"": ""LEHIGH ACRES"", ""nature"": ""FRAUD"", ""address"": ""23 ARKANSAS RD"", ""disposition"": ""08-REPORT TAKEN"", ""occuredDate"": ""2026-06-30 17:38:19.0000000"", ""incidentNumber"": ""26-351161""}",0,"tolga_ec2_1","2026-07-04 05:01:24.956665+00","2026-07-04 04:53:21.577713+00"
"lee_county","26-351113","2026-06-30 20:57:51+00","2026-07-04 04:53:21.577713+00",26.653693060057,-81.671491397851,"ANIMAL","05-HANDLED BY DEPUTY","2817 43RD ST W","LEHIGH ACRES","2026-07-04 06:00:44.666025+00","EXACT",,"{""id"": ""26-351113"", ""city"": ""LEHIGH ACRES"", ""nature"": ""ANIMAL"", ""address"": ""2817 43RD ST W"", ""disposition"": ""05-HANDLED BY DEPUTY"", ""occuredDate"": ""2026-06-30 16:57:51.0000000"", ""incidentNumber"": ""26-351113""}",0,"tolga_ec2_1","2026-07-04 05:01:24.956665+00","2026-07-04 04:53:21.577713+00"
"lee_county","26-351076","2026-06-30 20:30:47+00","2026-07-03 16:53:21.59202+00",26.34050005267,-81.777810659442,"ANIMAL","10-GONE ON ARRIVAL","10560 REYNOLDS ST","BONITA SPRINGS","2026-07-03 18:04:48.647306+00","EXACT",,"{""id"": ""26-351076"", ""city"": ""BONITA SPRINGS"", ""nature"": ""ANIMAL"", ""address"": ""10560 REYNOLDS ST"", ""disposition"": ""10-GONE ON ARRIVAL"", ""occuredDate"": ""2026-06-30 16:30:47.0000000"", ""incidentNumber"": ""26-351076""}",0,"tolga_ec2_2","2026-07-03 17:02:45.022865+00","2026-07-03 16:53:21.59202+00"
"lee_county","26-351067","2026-06-30 20:25:41+00","2026-07-03 16:53:21.59202+00",26.631926576143,-81.811446036752,"DISTURBANCE","05-HANDLED BY DEPUTY","2525 ORTIZ AVE","FORT MYERS","2026-07-03 18:04:48.647306+00","EXACT",,"{""id"": ""26-351067"", ""city"": ""FORT MYERS"", ""nature"": ""DISTURBANCE"", ""address"": ""2525 ORTIZ AVE"", ""disposition"": ""05-HANDLED BY DEPUTY"", ""occuredDate"": ""2026-06-30 16:25:41.0000000"", ""incidentNumber"": ""26-351067""}",0,"tolga_ec2_2","2026-07-03 17:02:45.022865+00","2026-07-03 16:53:21.59202+00"
"lee_county","26-351054","2026-06-30 20:15:02+00","2026-07-03 16:53:21.59202+00",26.713041259376,-81.73017250678,"FRAUD","08-REPORT TAKEN","13848 GRENADA WAY","FORT MYERS","2026-07-03 18:04:48.647306+00","EXACT",,"{""id"": ""26-351054"", ""city"": ""FORT MYERS"", ""nature"": ""FRAUD"", ""address"": ""13848 GRENADA WAY"", ""disposition"": ""08-REPORT TAKEN"", ""occuredDate"": ""2026-06-30 16:15:02.0000000"", ""incidentNumber"": ""26-351054""}",0,"tolga_ec2_2","2026-07-03 17:02:45.022865+00","2026-07-03 16:53:21.59202+00"
"lee_county","26-350984","2026-06-30 19:31:28+00","2026-07-03 16:53:21.59202+00",26.50194756664,-81.943556053715,"DISTURBANCE","05-HANDLED BY DEPUTY","16450 SAN CARLOS BLVD","FORT MYERS","2026-07-03 18:04:48.647306+00","EXACT",,"{""id"": ""26-350984"", ""city"": ""FORT MYERS"", ""nature"": ""DISTURBANCE"", ""address"": ""16450 SAN CARLOS BLVD"", ""disposition"": ""05-HANDLED BY DEPUTY"", ""occuredDate"": ""2026-06-30 15:31:28.0000000"", ""incidentNumber"": ""26-350984""}",0,"tolga_ec2_2","2026-07-03 17:02:45.022865+00","2026-07-03 16:53:21.59202+00"
"lee_county","26-350959","2026-06-30 19:20:17+00","2026-07-03 16:53:21.59202+00",26.573057225901,-81.880824795012,"HARASSMENT","11-CONDITION CORRECTED","5462 NINTH AVE","FORT MYERS","2026-07-03 18:04:48.647306+00","EXACT",,"{""id"": ""26-350959"", ""city"": ""FORT MYERS"", ""nature"": ""HARASSMENT"", ""address"": ""5462 NINTH AVE"", ""disposition"": ""11-CONDITION CORRECTED"", ""occuredDate"": ""2026-06-30 15:20:17.0000000"", ""incidentNumber"": ""26-350959""}",0,"tolga_ec2_2","2026-07-03 17:02:45.022865+00","2026-07-03 16:53:21.59202+00"
"lee_county","26-350945","2026-06-30 19:12:51+00","2026-07-03 16:53:21.59202+00",26.492133009218,-81.890682457658,"THEFT MISD","08-REPORT TAKEN","17069 WRIGLEY CIR","FORT MYERS","2026-07-03 18:04:48.647306+00","EXACT",,"{""id"": ""26-350945"", ""city"": ""FORT MYERS"", ""nature"": ""THEFT MISD"", ""address"": ""17069 WRIGLEY CIR"", ""disposition"": ""08-REPORT TAKEN"", ""occuredDate"": ""2026-06-30 15:12:51.0000000"", ""incidentNumber"": ""26-350945""}",0,"tolga_ec2_2","2026-07-03 17:02:45.022865+00","2026-07-03 16:53:21.59202+00"
"lee_county","26-350930","2026-06-30 19:08:00+00","2026-07-03 16:53:21.59202+00",26.330465537602,-81.808478788843,"STOLEN PLATE","08-REPORT TAKEN","3371 BONITA BEACH RD SW","BONITA SPRINGS","2026-07-03 18:04:48.647306+00","EXACT",,"{""id"": ""26-350930"", ""city"": ""BONITA SPRINGS"", ""nature"": ""STOLEN PLATE"", ""address"": ""3371 BONITA BEACH RD SW"", ""disposition"": ""08-REPORT TAKEN"", ""occuredDate"": ""2026-06-30 15:08:00.0000000"", ""incidentNumber"": ""26-350930""}",0,"tolga_ec2_2","2026-07-03 17:02:45.022865+00","2026-07-03 16:53:21.59202+00"
"lee_county","26-350911","2026-06-30 19:01:36+00","2026-07-03 16:53:21.59202+00",26.570849421502,-81.829172653396,"DISTURBANCE","05-HANDLED BY DEPUTY","7608 CYPRESS WALK DR","FORT MYERS","2026-07-03 18:04:48.647306+00","EXACT",,"{""id"": ""26-350911"", ""city"": ""FORT MYERS"", ""nature"": ""DISTURBANCE"", ""address"": ""7608 CYPRESS WALK DR"", ""disposition"": ""05-HANDLED BY DEPUTY"", ""occuredDate"": ""2026-06-30 15:01:36.0000000"", ""incidentNumber"": ""26-350911""}",0,"tolga_ec2_2","2026-07-03 17:02:45.022865+00","2026-07-03 16:53:21.59202+00"
"lee_county","26-350897","2026-06-30 18:54:18+00","2026-07-03 16:53:21.59202+00",26.629282795306,-81.6280507892,"DOMESTIC VIOLENCE","01-ARREST","821 CLAYTON AVE","LEHIGH ACRES","2026-07-03 18:04:48.647306+00","EXACT",,"{""id"": ""26-350897"", ""city"": ""LEHIGH ACRES"", ""nature"": ""DOMESTIC VIOLENCE"", ""address"": ""821 CLAYTON AVE"", ""disposition"": ""01-ARREST"", ""occuredDate"": ""2026-06-30 14:54:18.0000000"", ""incidentNumber"": ""26-350897""}",0,"tolga_ec2_2","2026-07-03 17:02:45.022865+00","2026-07-03 16:53:21.59202+00"
"lee_county","26-350762","2026-06-30 17:59:58+00","2026-07-03 16:53:21.59202+00",26.707196611024,-81.869866954974,"DISTURBANCE","05-HANDLED BY DEPUTY","7845 MCDANIEL DR","NORTH FORT MYERS","2026-07-03 18:04:48.647306+00","EXACT",,"{""id"": ""26-350762"", ""city"": ""NORTH FORT MYERS"", ""nature"": ""DISTURBANCE"", ""address"": ""7845 MCDANIEL DR"", ""disposition"": ""05-HANDLED BY DEPUTY"", ""occuredDate"": ""2026-06-30 13:59:58.0000000"", ""incidentNumber"": ""26-350762""}",0,"tolga_ec2_2","2026-07-03 17:02:45.022865+00","2026-07-03 16:53:21.59202+00"
"lee_county","26-350712","2026-06-30 17:32:40+00","2026-07-03 16:53:21.59202+00",26.608817536279,-81.633164425396,"THEFT MISD","08-REPORT TAKEN","212 DAVIS RD","LEHIGH ACRES","2026-07-03 18:04:48.647306+00","EXACT",,"{""id"": ""26-350712"", ""city"": ""LEHIGH ACRES"", ""nature"": ""THEFT MISD"", ""address"": ""212 DAVIS RD"", ""disposition"": ""08-REPORT TAKEN"", ""occuredDate"": ""2026-06-30 13:32:40.0000000"", ""incidentNumber"": ""26-350712""}",0,"tolga_ec2_2","2026-07-03 17:02:45.022865+00","2026-07-03 16:53:21.59202+00"
"lee_county","26-350681","2026-06-30 17:19:00+00","2026-07-03 16:53:21.59202+00",26.746397105891,-81.929871477827,"RECOVER STOLEN PROP","08-REPORT TAKEN","10300 LAKEWOOD SHORES CIR","NORTH FORT MYERS","2026-07-03 18:04:48.647306+00","EXACT",,"{""id"": ""26-350681"", ""city"": ""NORTH FORT MYERS"", ""nature"": ""RECOVER STOLEN PROP"", ""address"": ""10300 LAKEWOOD SHORES CIR"", ""disposition"": ""08-REPORT TAKEN"", ""occuredDate"": ""2026-06-30 13:19:00.0000000"", ""incidentNumber"": ""26-350681""}",0,"tolga_ec2_2","2026-07-03 17:02:45.022865+00","2026-07-03 16:53:21.59202+00"
"lee_county","26-350676","2026-06-30 17:17:35+00","2026-07-03 16:53:21.59202+00",26.625597192529,-81.626433248346,"DISTURBANCE","05-HANDLED BY DEPUTY","720 CALVIN AVE","LEHIGH ACRES","2026-07-03 18:04:48.647306+00","EXACT",,"{""id"": ""26-350676"", ""city"": ""LEHIGH ACRES"", ""nature"": ""DISTURBANCE"", ""address"": ""720 CALVIN AVE"", ""disposition"": ""05-HANDLED BY DEPUTY"", ""occuredDate"": ""2026-06-30 13:17:35.0000000"", ""incidentNumber"": ""26-350676""}",0,"tolga_ec2_2","2026-07-03 17:02:45.022865+00","2026-07-03 16:53:21.59202+00"
"lee_county","26-350641","2026-06-30 16:59:36+00","2026-07-03 16:53:21.59202+00",26.652820211268,-81.919894442071,"DISTURBANCE","05-HANDLED BY DEPUTY","4461 HANCOCK BRIDGE PKWY","NORTH FORT MYERS","2026-07-03 18:04:48.647306+00","EXACT",,"{""id"": ""26-350641"", ""city"": ""NORTH FORT MYERS"", ""nature"": ""DISTURBANCE"", ""address"": ""4461 HANCOCK BRIDGE PKWY"", ""disposition"": ""05-HANDLED BY DEPUTY"", ""occuredDate"": ""2026-06-30 12:59:36.0000000"", ""incidentNumber"": ""26-350641""}",0,"tolga_ec2_2","2026-07-03 17:02:45.022865+00","2026-07-03 16:53:21.59202+00"
"lee_county","26-350534","2026-06-30 16:18:00+00","2026-07-03 16:53:21.59202+00",26.703974991904,-81.581668617581,"DOMESTIC VIOLENCE","08-REPORT TAKEN","23051 AVENUE D","ALVA","2026-07-03 18:04:48.647306+00","EXACT",,"{""id"": ""26-350534"", ""city"": ""ALVA"", ""nature"": ""DOMESTIC VIOLENCE"", ""address"": ""23051 AVENUE D"", ""disposition"": ""08-REPORT TAKEN"", ""occuredDate"": ""2026-06-30 12:18:00.0000000"", ""incidentNumber"": ""26-350534""}",0,"tolga_ec2_2","2026-07-03 17:02:45.022865+00","2026-07-03 16:53:21.59202+00"
"lee_county","26-350443","2026-06-30 15:41:00+00","2026-07-03 16:53:21.59202+00",26.352278234435,-81.784959060382,"BATTERY","08-REPORT TAKEN","10105 TROPICAL DR","BONITA SPRINGS","2026-07-03 18:04:48.647306+00","EXACT",,"{""id"": ""26-350443"", ""city"": ""BONITA SPRINGS"", ""nature"": ""BATTERY"", ""address"": ""10105 TROPICAL DR"", ""disposition"": ""08-REPORT TAKEN"", ""occuredDate"": ""2026-06-30 11:41:00.0000000"", ""incidentNumber"": ""26-350443""}",0,"tolga_ec2_2","2026-07-03 17:02:45.022865+00","2026-07-03 16:53:21.59202+00"
"lee_county","26-350417","2026-06-30 15:30:27+00","2026-07-03 16:53:21.59202+00",26.573036966785,-81.641314588758,"DISTURBANCE","05-HANDLED BY DEPUTY","432 PIPER AVE","LEHIGH ACRES","2026-07-03 18:04:48.647306+00","EXACT",,"{""id"": ""26-350417"", ""city"": ""LEHIGH ACRES"", ""nature"": ""DISTURBANCE"", ""address"": ""432 PIPER AVE"", ""disposition"": ""05-HANDLED BY DEPUTY"", ""occuredDate"": ""2026-06-30 11:30:27.0000000"", ""incidentNumber"": ""26-350417""}",0,"tolga_ec2_2","2026-07-03 17:02:45.022865+00","2026-07-03 16:53:21.59202+00"
"lee_county","26-350405","2026-06-30 15:25:26+00","2026-07-03 16:53:21.59202+00",26.641552726178,-81.870155011874,"FRAUD","08-REPORT TAKEN","1700 MONROE ST","FORT MYERS","2026-07-03 18:04:48.647306+00","EXACT",,"{""id"": ""26-350405"", ""city"": ""FORT MYERS"", ""nature"": ""FRAUD"", ""address"": ""1700 MONROE ST"", ""disposition"": ""08-REPORT TAKEN"", ""occuredDate"": ""2026-06-30 11:25:26.0000000"", ""incidentNumber"": ""26-350405""}",0,"tolga_ec2_2","2026-07-03 17:02:45.022865+00","2026-07-03 16:53:21.59202+00"
"lee_county","26-350387","2026-06-30 15:18:24+00","2026-07-03 16:53:21.59202+00",26.689698972454,-81.731114065019,"ANIMAL LIVESTOCK","05-HANDLED BY DEPUTY","3771 BUCKINGHAM RD","FORT MYERS","2026-07-03 18:04:48.647306+00","EXACT",,"{""id"": ""26-350387"", ""city"": ""FORT MYERS"", ""nature"": ""ANIMAL LIVESTOCK"", ""address"": ""3771 BUCKINGHAM RD"", ""disposition"": ""05-HANDLED BY DEPUTY"", ""occuredDate"": ""2026-06-30 11:18:24.0000000"", ""incidentNumber"": ""26-350387""}",0,"tolga_ec2_2","2026-07-03 17:02:45.022865+00","2026-07-03 16:53:21.59202+00"
"lee_county","26-350357","2026-06-30 15:04:25+00","2026-07-03 16:53:21.59202+00",26.584816652405,-81.611870889551,"ANIMAL","05-HANDLED BY DEPUTY","304 LANCELOT AVE S","LEHIGH ACRES","2026-07-03 18:04:48.647306+00","EXACT",,"{""id"": ""26-350357"", ""city"": ""LEHIGH ACRES"", ""nature"": ""ANIMAL"", ""address"": ""304 LANCELOT AVE S"", ""disposition"": ""05-HANDLED BY DEPUTY"", ""occuredDate"": ""2026-06-30 11:04:25.0000000"", ""incidentNumber"": ""26-350357""}",0,"tolga_ec2_2","2026-07-03 17:02:45.022865+00","2026-07-03 16:53:21.59202+00"
"lee_county","26-350356","2026-06-30 15:04:05+00","2026-07-03 16:53:21.59202+00",26.560515326804,-81.871706279402,"THEFT MISD","08-REPORT TAKEN","12519 S CLEVELAND AVE","FORT MYERS","2026-07-03 18:04:48.647306+00","EXACT",,"{""id"": ""26-350356"", ""city"": ""FORT MYERS"", ""nature"": ""THEFT MISD"", ""address"": ""12519 S CLEVELAND AVE"", ""disposition"": ""08-REPORT TAKEN"", ""occuredDate"": ""2026-06-30 11:04:05.0000000"", ""incidentNumber"": ""26-350356""}",0,"tolga_ec2_2","2026-07-03 17:02:45.022865+00","2026-07-03 16:53:21.59202+00"
"lee_county","26-350349","2026-06-30 15:01:53+00","2026-07-03 16:53:21.59202+00",26.662283948154,-81.683997505791,"ANIMAL LIVESTOCK","05-HANDLED BY DEPUTY","3220 51ST ST W","LEHIGH ACRES","2026-07-03 18:04:48.647306+00","EXACT",,"{""id"": ""26-350349"", ""city"": ""LEHIGH ACRES"", ""nature"": ""ANIMAL LIVESTOCK"", ""address"": ""3220 51ST ST W"", ""disposition"": ""05-HANDLED BY DEPUTY"", ""occuredDate"": ""2026-06-30 11:01:53.0000000"", ""incidentNumber"": ""26-350349""}",0,"tolga_ec2_2","2026-07-03 17:02:45.022865+00","2026-07-03 16:53:21.59202+00"
"lee_county","26-350324","2026-06-30 14:48:55+00","2026-07-03 16:53:21.59202+00",26.496211490011,-81.950051734951,"DEATH INVESTIGATION","08-REPORT TAKEN","11060 CARAVEL","FORT MYERS","2026-07-03 18:04:48.647306+00","EXACT",,"{""id"": ""26-350324"", ""city"": ""FORT MYERS"", ""nature"": ""DEATH INVESTIGATION"", ""address"": ""11060 CARAVEL"", ""disposition"": ""08-REPORT TAKEN"", ""occuredDate"": ""2026-06-30 10:48:55.0000000"", ""incidentNumber"": ""26-350324""}",0,"tolga_ec2_2","2026-07-03 17:02:45.022865+00","2026-07-03 16:53:21.59202+00"
"lee_county","26-350295","2026-06-30 14:38:48+00","2026-07-03 16:53:21.59202+00",26.486464550451,-81.807799342102,"ANIMAL","05-HANDLED BY DEPUTY","8500 CORAL DR","FORT MYERS","2026-07-03 18:04:48.647306+00","EXACT",,"{""id"": ""26-350295"", ""city"": ""FORT MYERS"", ""nature"": ""ANIMAL"", ""address"": ""8500 CORAL DR"", ""disposition"": ""05-HANDLED BY DEPUTY"", ""occuredDate"": ""2026-06-30 10:38:48.0000000"", ""incidentNumber"": ""26-350295""}",0,"tolga_ec2_2","2026-07-03 17:02:45.022865+00","2026-07-03 16:53:21.59202+00"
"lee_county","26-350191","2026-06-30 13:47:35+00","2026-07-03 16:53:21.59202+00",26.657336499335,-81.720298255335,"DEATH INVESTIGATION","08-REPORT TAKEN","14391 ORANGE RIVER RD","FORT MYERS","2026-07-03 18:04:48.647306+00","EXACT",,"{""id"": ""26-350191"", ""city"": ""FORT MYERS"", ""nature"": ""DEATH INVESTIGATION"", ""address"": ""14391 ORANGE RIVER RD"", ""disposition"": ""08-REPORT TAKEN"", ""occuredDate"": ""2026-06-30 09:47:35.0000000"", ""incidentNumber"": ""26-350191""}",0,"tolga_ec2_2","2026-07-03 17:02:45.022865+00","2026-07-03 16:53:21.59202+00"
"lee_county","26-350170","2026-06-30 13:40:12+00","2026-07-03 16:53:21.59202+00",26.6646781,-81.6465196,"ANIMAL","07-TURNED OVER TO OTHER AGENCY","805 W 18TH ST","LEHIGH ACRES","2026-07-03 18:04:48.647306+00","nominatim:residential",,"{""id"": ""26-350170"", ""city"": ""LEHIGH ACRES"", ""nature"": ""ANIMAL"", ""address"": ""805 W 18TH ST"", ""disposition"": ""07-TURNED OVER TO OTHER AGENCY"", ""occuredDate"": ""2026-06-30 09:40:12.0000000"", ""incidentNumber"": ""26-350170""}",0,"tolga_ec2_2","2026-07-03 17:02:45.022865+00","2026-07-03 16:53:21.59202+00"
"lee_county","26-350152","2026-06-30 13:31:51+00","2026-07-03 16:53:21.59202+00",26.350385724265,-81.763445866093,"DISTURBANCE","05-HANDLED BY DEPUTY","26724 NOMAD DR","BONITA SPRINGS","2026-07-03 18:04:48.647306+00","EXACT",,"{""id"": ""26-350152"", ""city"": ""BONITA SPRINGS"", ""nature"": ""DISTURBANCE"", ""address"": ""26724 NOMAD DR"", ""disposition"": ""05-HANDLED BY DEPUTY"", ""occuredDate"": ""2026-06-30 09:31:51.0000000"", ""incidentNumber"": ""26-350152""}",0,"tolga_ec2_2","2026-07-03 17:02:45.022865+00","2026-07-03 16:53:21.59202+00"
"lee_county","26-350147","2026-06-30 13:30:18+00","2026-07-03 16:53:21.59202+00",26.573626187963,-81.874347177839,"DISTURBANCE","05-HANDLED BY DEPUTY","5456 SECOND AVE","FORT MYERS","2026-07-03 18:04:48.647306+00","EXACT",,"{""id"": ""26-350147"", ""city"": ""FORT MYERS"", ""nature"": ""DISTURBANCE"", ""address"": ""5456 SECOND AVE"", ""disposition"": ""05-HANDLED BY DEPUTY"", ""occuredDate"": ""2026-06-30 09:30:18.0000000"", ""incidentNumber"": ""26-350147""}",0,"tolga_ec2_2","2026-07-03 17:02:45.022865+00","2026-07-03 16:53:21.59202+00"
"lee_county","26-350131","2026-06-30 13:22:17+00","2026-07-03 16:53:21.59202+00",26.529434951422,-81.941586490024,"BURGLARY - CONV","08-REPORT TAKEN","14521 DORY LN","FORT MYERS","2026-07-03 18:04:48.647306+00","EXACT",,"{""id"": ""26-350131"", ""city"": ""FORT MYERS"", ""nature"": ""BURGLARY - CONV"", ""address"": ""14521 DORY LN"", ""disposition"": ""08-REPORT TAKEN"", ""occuredDate"": ""2026-06-30 09:22:17.0000000"", ""incidentNumber"": ""26-350131""}",0,"tolga_ec2_2","2026-07-03 17:02:45.022865+00","2026-07-03 16:53:21.59202+00"
"lee_county","26-350099","2026-06-30 13:08:12+00","2026-07-03 16:53:21.59202+00",26.601000465322,-81.646757230079,"DISTURBANCE","05-HANDLED BY DEPUTY","24 WESTMINSTER ST N","LEHIGH ACRES","2026-07-03 18:04:48.647306+00","EXACT",,"{""id"": ""26-350099"", ""city"": ""LEHIGH ACRES"", ""nature"": ""DISTURBANCE"", ""address"": ""24 WESTMINSTER ST N"", ""disposition"": ""05-HANDLED BY DEPUTY"", ""occuredDate"": ""2026-06-30 09:08:12.0000000"", ""incidentNumber"": ""26-350099""}",0,"tolga_ec2_2","2026-07-03 17:02:45.022865+00","2026-07-03 16:53:21.59202+00"
"lee_county","26-350088","2026-06-30 13:04:21+00","2026-07-03 16:53:21.59202+00",26.669393620393,-81.891591478828,"STOLEN HEAVY EQUIP","08-REPORT TAKEN","14150 N CLEVELAND AVE","NORTH FORT MYERS","2026-07-03 18:04:48.647306+00","EXACT",,"{""id"": ""26-350088"", ""city"": ""NORTH FORT MYERS"", ""nature"": ""STOLEN HEAVY EQUIP"", ""address"": ""14150 N CLEVELAND AVE"", ""disposition"": ""08-REPORT TAKEN"", ""occuredDate"": ""2026-06-30 09:04:21.0000000"", ""incidentNumber"": ""26-350088""}",0,"tolga_ec2_2","2026-07-03 17:02:45.022865+00","2026-07-03 16:53:21.59202+00"
"lee_county","26-350086","2026-06-30 13:03:21+00","2026-07-03 16:53:21.59202+00",26.543218596601,-81.851566671435,"DEATH INVESTIGATION","08-REPORT TAKEN","13681 DOCTORS WAY","FORT MYERS","2026-07-03 18:04:48.647306+00","EXACT",,"{""id"": ""26-350086"", ""city"": ""FORT MYERS"", ""nature"": ""DEATH INVESTIGATION"", ""address"": ""13681 DOCTORS WAY"", ""disposition"": ""08-REPORT TAKEN"", ""occuredDate"": ""2026-06-30 09:03:21.0000000"", ""incidentNumber"": ""26-350086""}",0,"tolga_ec2_2","2026-07-03 17:02:45.022865+00","2026-07-03 16:53:21.59202+00"
"lee_county","26-350062","2026-06-30 12:56:12+00","2026-07-03 16:53:21.59202+00",26.599275086881,-81.721689071172,"THEFT MISD","08-REPORT TAKEN","4701 14TH ST SW","LEHIGH ACRES","2026-07-03 18:04:48.647306+00","EXACT",,"{""id"": ""26-350062"", ""city"": ""LEHIGH ACRES"", ""nature"": ""THEFT MISD"", ""address"": ""4701 14TH ST SW"", ""disposition"": ""08-REPORT TAKEN"", ""occuredDate"": ""2026-06-30 08:56:12.0000000"", ""incidentNumber"": ""26-350062""}",0,"tolga_ec2_2","2026-07-03 17:02:45.022865+00","2026-07-03 16:53:21.59202+00"
"lee_county","26-350053","2026-06-30 12:54:37+00","2026-07-03 16:53:21.59202+00",26.508576582761,-81.942209800723,"DISTURBANCE","05-HANDLED BY DEPUTY","16030 TIERRA PLZ","FORT MYERS","2026-07-03 18:04:48.647306+00","EXACT",,"{""id"": ""26-350053"", ""city"": ""FORT MYERS"", ""nature"": ""DISTURBANCE"", ""address"": ""16030 TIERRA PLZ"", ""disposition"": ""05-HANDLED BY DEPUTY"", ""occuredDate"": ""2026-06-30 08:54:37.0000000"", ""incidentNumber"": ""26-350053""}",0,"tolga_ec2_2","2026-07-03 17:02:45.022865+00","2026-07-03 16:53:21.59202+00"
"lee_county","26-349797","2026-06-30 10:59:30+00","2026-07-03 16:53:21.59202+00",26.543218596601,-81.851566671435,"ASSAULT/BATTERY","08-REPORT TAKEN","13681 DOCTORS WAY","FORT MYERS","2026-07-03 18:04:48.647306+00","EXACT",,"{""id"": ""26-349797"", ""city"": ""FORT MYERS"", ""nature"": ""ASSAULT/BATTERY"", ""address"": ""13681 DOCTORS WAY"", ""disposition"": ""08-REPORT TAKEN"", ""occuredDate"": ""2026-06-30 06:59:30.0000000"", ""incidentNumber"": ""26-349797""}",0,"tolga_ec2_2","2026-07-03 17:02:45.022865+00","2026-07-03 16:53:21.59202+00"
"lee_county","26-349755","2026-06-30 10:41:00+00","2026-07-03 16:53:21.59202+00",26.6706383,-81.8828565,"THEFT MISD","08-REPORT TAKEN","1365 N TAMIAMI TRL","NORTH FORT MYERS","2026-07-03 18:04:48.647306+00","nominatim:fuel",,"{""id"": ""26-349755"", ""city"": ""NORTH FORT MYERS"", ""nature"": ""THEFT MISD"", ""address"": ""1365 N TAMIAMI TRL"", ""disposition"": ""08-REPORT TAKEN"", ""occuredDate"": ""2026-06-30 06:41:00.0000000"", ""incidentNumber"": ""26-349755""}",0,"tolga_ec2_2","2026-07-03 17:02:45.022865+00","2026-07-03 16:53:21.59202+00"
"lee_county","26-349527","2026-06-30 06:34:18+00","2026-07-03 04:53:21.612219+00",26.357233085235,-81.784790416115,"DISTURBANCE","05-HANDLED BY DEPUTY","10113 SANDY HOLW","BONITA SPRINGS","2026-07-03 08:03:21.287719+00","EXACT",,"{""id"": ""26-349527"", ""city"": ""BONITA SPRINGS"", ""nature"": ""DISTURBANCE"", ""address"": ""10113 SANDY HOLW"", ""disposition"": ""05-HANDLED BY DEPUTY"", ""occuredDate"": ""2026-06-30 02:34:18.0000000"", ""incidentNumber"": ""26-349527""}",0,"tolga_ec2_2","2026-07-03 07:02:12.877254+00","2026-07-03 04:53:21.612219+00"
"lee_county","26-349523","2026-06-30 06:29:58+00","2026-07-03 04:53:21.612219+00",26.600468308892,-81.698685999968,"DOMESTIC VIOLENCE","05-HANDLED BY DEPUTY","3816 14TH ST SW","LEHIGH ACRES","2026-07-03 08:03:21.287719+00","EXACT",,"{""id"": ""26-349523"", ""city"": ""LEHIGH ACRES"", ""nature"": ""DOMESTIC VIOLENCE"", ""address"": ""3816 14TH ST SW"", ""disposition"": ""05-HANDLED BY DEPUTY"", ""occuredDate"": ""2026-06-30 02:29:58.0000000"", ""incidentNumber"": ""26-349523""}",0,"tolga_ec2_2","2026-07-03 07:02:12.877254+00","2026-07-03 04:53:21.612219+00"
"lee_county","26-349417","2026-06-30 05:00:34+00","2026-07-03 04:53:21.612219+00",26.707676982234,-81.704076182461,"DISTURBANCE","05-HANDLED BY DEPUTY","2601 LINWOOD AVE","ALVA","2026-07-03 08:03:21.287719+00","EXACT",,"{""id"": ""26-349417"", ""city"": ""ALVA"", ""nature"": ""DISTURBANCE"", ""address"": ""2601 LINWOOD AVE"", ""disposition"": ""05-HANDLED BY DEPUTY"", ""occuredDate"": ""2026-06-30 01:00:34.0000000"", ""incidentNumber"": ""26-349417""}",0,"tolga_ec2_2","2026-07-03 07:02:12.877254+00","2026-07-03 04:53:21.612219+00"
"lee_county","26-349358","2026-06-30 04:09:40+00","2026-07-03 04:53:21.612219+00",26.570566583437,-81.872134675177,"ASSAULT/BATTERY","08-REPORT TAKEN","11700 S CLEVELAND AVE","FORT MYERS","2026-07-03 08:03:21.287719+00","EXACT",,"{""id"": ""26-349358"", ""city"": ""FORT MYERS"", ""nature"": ""ASSAULT/BATTERY"", ""address"": ""11700 S CLEVELAND AVE"", ""disposition"": ""08-REPORT TAKEN"", ""occuredDate"": ""2026-06-30 00:09:40.0000000"", ""incidentNumber"": ""26-349358""}",0,"tolga_ec2_2","2026-07-03 07:02:12.877254+00","2026-07-03 04:53:21.612219+00"
"lee_county","26-349348","2026-06-30 04:03:26+00","2026-07-03 04:53:21.612219+00",26.660837970904,-81.665917504084,"DOMESTIC DISTURBANCE","15-WRITTEN DOCUMENTATION NON UCR","2607 49TH ST W","LEHIGH ACRES","2026-07-03 08:03:21.287719+00","EXACT",,"{""id"": ""26-349348"", ""city"": ""LEHIGH ACRES"", ""nature"": ""DOMESTIC DISTURBANCE"", ""address"": ""2607 49TH ST W"", ""disposition"": ""15-WRITTEN DOCUMENTATION NON UCR"", ""occuredDate"": ""2026-06-30 00:03:26.0000000"", ""incidentNumber"": ""26-349348""}",0,"tolga_ec2_2","2026-07-03 07:02:12.877254+00","2026-07-03 04:53:21.612219+00"
"lee_county","26-349314","2026-06-30 03:35:00+00","2026-07-03 04:53:21.612219+00",26.588840501709,-81.616805373654,"BURGLARY - BUSN","08-REPORT TAKEN","651 SUNRISE","LEHIGH ACRES","2026-07-03 08:03:21.287719+00","EXACT",,"{""id"": ""26-349314"", ""city"": ""LEHIGH ACRES"", ""nature"": ""BURGLARY - BUSN"", ""address"": ""651 SUNRISE"", ""disposition"": ""08-REPORT TAKEN"", ""occuredDate"": ""2026-06-29 23:35:00.0000000"", ""incidentNumber"": ""26-349314""}",0,"tolga_ec2_2","2026-07-03 07:02:12.877254+00","2026-07-03 04:53:21.612219+00"
"lee_county","26-349284","2026-06-30 03:05:00+00","2026-07-03 04:53:21.612219+00",26.619750254007,-81.697744786699,"DOMESTIC VIOLENCE","08-REPORT TAKEN","3721 7TH ST W","LEHIGH ACRES","2026-07-03 08:03:21.287719+00","EXACT",,"{""id"": ""26-349284"", ""city"": ""LEHIGH ACRES"", ""nature"": ""DOMESTIC VIOLENCE"", ""address"": ""3721 7TH ST W"", ""disposition"": ""08-REPORT TAKEN"", ""occuredDate"": ""2026-06-29 23:05:00.0000000"", ""incidentNumber"": ""26-349284""}",0,"tolga_ec2_2","2026-07-03 07:02:12.877254+00","2026-07-03 04:53:21.612219+00"
"lee_county","26-349272","2026-06-30 02:56:49+00","2026-07-03 04:53:21.612219+00",26.685718418479,-81.892519108951,"DISTURBANCE","05-HANDLED BY DEPUTY","248 STATE ST","NORTH FORT MYERS","2026-07-03 08:03:21.287719+00","EXACT",,"{""id"": ""26-349272"", ""city"": ""NORTH FORT MYERS"", ""nature"": ""DISTURBANCE"", ""address"": ""248 STATE ST"", ""disposition"": ""05-HANDLED BY DEPUTY"", ""occuredDate"": ""2026-06-29 22:56:49.0000000"", ""incidentNumber"": ""26-349272""}",0,"tolga_ec2_2","2026-07-03 07:02:12.877254+00","2026-07-03 04:53:21.612219+00"
"lee_county","26-349267","2026-06-30 02:48:06+00","2026-07-03 04:53:21.612219+00",26.600755184249,-81.60063143585,"DISTURBANCE","05-HANDLED BY DEPUTY","1457 SCENIC ST","LEHIGH ACRES","2026-07-03 08:03:21.287719+00","EXACT",,"{""id"": ""26-349267"", ""city"": ""LEHIGH ACRES"", ""nature"": ""DISTURBANCE"", ""address"": ""1457 SCENIC ST"", ""disposition"": ""05-HANDLED BY DEPUTY"", ""occuredDate"": ""2026-06-29 22:48:06.0000000"", ""incidentNumber"": ""26-349267""}",0,"tolga_ec2_2","2026-07-03 07:02:12.877254+00","2026-07-03 04:53:21.612219+00"
"lee_county","26-349260","2026-06-30 02:42:48+00","2026-07-03 04:53:21.612219+00",26.723011408604,-81.713477610038,"DISTURBANCE","05-HANDLED BY DEPUTY","14972 WISE WAY","FORT MYERS","2026-07-03 08:03:21.287719+00","EXACT",,"{""id"": ""26-349260"", ""city"": ""FORT MYERS"", ""nature"": ""DISTURBANCE"", ""address"": ""14972 WISE WAY"", ""disposition"": ""05-HANDLED BY DEPUTY"", ""occuredDate"": ""2026-06-29 22:42:48.0000000"", ""incidentNumber"": ""26-349260""}",0,"tolga_ec2_2","2026-07-03 07:02:12.877254+00","2026-07-03 04:53:21.612219+00"
"lee_county","26-349249","2026-06-30 02:37:07+00","2026-07-03 04:53:21.612219+00",26.573952282349,-81.882406884302,"THEFT MISD","08-REPORT TAKEN","5449 ELEVENTH AVE","FORT MYERS","2026-07-03 08:03:21.287719+00","EXACT",,"{""id"": ""26-349249"", ""city"": ""FORT MYERS"", ""nature"": ""THEFT MISD"", ""address"": ""5449 ELEVENTH AVE"", ""disposition"": ""08-REPORT TAKEN"", ""occuredDate"": ""2026-06-29 22:37:07.0000000"", ""incidentNumber"": ""26-349249""}",0,"tolga_ec2_2","2026-07-03 07:02:12.877254+00","2026-07-03 04:53:21.612219+00"
"lee_county","26-349219","2026-06-30 02:21:08+00","2026-07-03 04:53:21.612219+00",26.694331010711,-81.69718616503,"DOMESTIC DISTURBANCE","15-WRITTEN DOCUMENTATION NON UCR","3365 HAMPTON BLVD","ALVA","2026-07-03 08:03:21.287719+00","EXACT",,"{""id"": ""26-349219"", ""city"": ""ALVA"", ""nature"": ""DOMESTIC DISTURBANCE"", ""address"": ""3365 HAMPTON BLVD"", ""disposition"": ""15-WRITTEN DOCUMENTATION NON UCR"", ""occuredDate"": ""2026-06-29 22:21:08.0000000"", ""incidentNumber"": ""26-349219""}",0,"tolga_ec2_2","2026-07-03 07:02:12.877254+00","2026-07-03 04:53:21.612219+00"
"lee_county","26-349204","2026-06-30 02:09:06+00","2026-07-03 04:53:21.612219+00",26.621173712934,-81.691267704423,"SHOTS FIRED","10-GONE ON ARRIVAL","3511 9TH ST W","LEHIGH ACRES","2026-07-03 08:03:21.287719+00","EXACT",,"{""id"": ""26-349204"", ""city"": ""LEHIGH ACRES"", ""nature"": ""SHOTS FIRED"", ""address"": ""3511 9TH ST W"", ""disposition"": ""10-GONE ON ARRIVAL"", ""occuredDate"": ""2026-06-29 22:09:06.0000000"", ""incidentNumber"": ""26-349204""}",0,"tolga_ec2_2","2026-07-03 07:02:12.877254+00","2026-07-03 04:53:21.612219+00"
"lee_county","26-349189","2026-06-30 01:59:17+00","2026-07-03 04:53:21.612219+00",26.660837970904,-81.665917504084,"DISTURBANCE","05-HANDLED BY DEPUTY","2607 49TH ST W","LEHIGH ACRES","2026-07-03 08:03:21.287719+00","EXACT",,"{""id"": ""26-349189"", ""city"": ""LEHIGH ACRES"", ""nature"": ""DISTURBANCE"", ""address"": ""2607 49TH ST W"", ""disposition"": ""05-HANDLED BY DEPUTY"", ""occuredDate"": ""2026-06-29 21:59:17.0000000"", ""incidentNumber"": ""26-349189""}",0,"tolga_ec2_2","2026-07-03 07:02:12.877254+00","2026-07-03 04:53:21.612219+00"
"lee_county","26-349179","2026-06-30 01:51:12+00","2026-07-03 04:53:21.612219+00",26.685718418479,-81.892519108951,"DISTURBANCE","05-HANDLED BY DEPUTY","248 STATE ST","NORTH FORT MYERS","2026-07-03 08:03:21.287719+00","EXACT",,"{""id"": ""26-349179"", ""city"": ""NORTH FORT MYERS"", ""nature"": ""DISTURBANCE"", ""address"": ""248 STATE ST"", ""disposition"": ""05-HANDLED BY DEPUTY"", ""occuredDate"": ""2026-06-29 21:51:12.0000000"", ""incidentNumber"": ""26-349179""}",0,"tolga_ec2_2","2026-07-03 07:02:12.877254+00","2026-07-03 04:53:21.612219+00"
"lee_county","26-349175","2026-06-30 01:49:07+00","2026-07-03 04:53:21.612219+00",26.677657298989,-81.867816117609,"SHOTS FIRED","10-GONE ON ARRIVAL","14507 CONCORD DR","NORTH FORT MYERS","2026-07-03 08:03:21.287719+00","EXACT",,"{""id"": ""26-349175"", ""city"": ""NORTH FORT MYERS"", ""nature"": ""SHOTS FIRED"", ""address"": ""14507 CONCORD DR"", ""disposition"": ""10-GONE ON ARRIVAL"", ""occuredDate"": ""2026-06-29 21:49:07.0000000"", ""incidentNumber"": ""26-349175""}",0,"tolga_ec2_2","2026-07-03 07:02:12.877254+00","2026-07-03 04:53:21.612219+00"
"lee_county","26-349170","2026-06-30 01:46:21+00","2026-07-03 04:53:21.612219+00",26.4536495,-81.9560423,"DISTURBANCE","08-REPORT TAKEN","ESTERO BLVD / OLD SAN CARLOS BLVD","FORT MYERS BEACH","2026-07-03 08:03:21.287719+00","overpass:intersection",,"{""id"": ""26-349170"", ""city"": ""FORT MYERS BEACH"", ""nature"": ""DISTURBANCE"", ""address"": ""ESTERO BLVD / OLD SAN CARLOS BLVD"", ""disposition"": ""08-REPORT TAKEN"", ""occuredDate"": ""2026-06-29 21:46:21.0000000"", ""incidentNumber"": ""26-349170""}",0,"tolga_ec2_2","2026-07-03 07:02:12.877254+00","2026-07-03 04:53:21.612219+00"
"lee_county","26-349142","2026-06-30 01:30:26+00","2026-07-03 04:53:21.612219+00",26.604773408814,-81.794277681898,"ANIMAL","07F-TURNED OVER TO FMPD","9118 SHADOW GLEN WAY","FORT MYERS","2026-07-03 08:03:21.287719+00","EXACT",,"{""id"": ""26-349142"", ""city"": ""FORT MYERS"", ""nature"": ""ANIMAL"", ""address"": ""9118 SHADOW GLEN WAY"", ""disposition"": ""07F-TURNED OVER TO FMPD"", ""occuredDate"": ""2026-06-29 21:30:26.0000000"", ""incidentNumber"": ""26-349142""}",0,"tolga_ec2_2","2026-07-03 07:02:12.877254+00","2026-07-03 04:53:21.612219+00"
"lee_county","26-802326","2026-06-30 01:30:12+00","2026-07-03 04:53:21.612219+00",26.553240860491,-81.91851120164,"FORGERY","08-REPORT TAKEN","9941 BEACON COVE CT","FORT MYERS","2026-07-03 08:03:21.287719+00","EXACT",,"{""id"": ""26-802326"", ""city"": ""FORT MYERS"", ""nature"": ""FORGERY"", ""address"": ""9941 BEACON COVE CT"", ""disposition"": ""08-REPORT TAKEN"", ""occuredDate"": ""2026-06-29 21:30:12.0000000"", ""incidentNumber"": ""26-802326""}",0,"tolga_ec2_2","2026-07-03 07:02:12.877254+00","2026-07-03 04:53:21.612219+00"
"lee_county","26-349113","2026-06-30 01:07:12+00","2026-07-03 04:53:21.612219+00",26.600999109408,-81.647121339678,"DISTURBANCE","05-HANDLED BY DEPUTY","1115 WESLEY ST","LEHIGH ACRES","2026-07-03 08:03:21.287719+00","EXACT",,"{""id"": ""26-349113"", ""city"": ""LEHIGH ACRES"", ""nature"": ""DISTURBANCE"", ""address"": ""1115 WESLEY ST"", ""disposition"": ""05-HANDLED BY DEPUTY"", ""occuredDate"": ""2026-06-29 21:07:12.0000000"", ""incidentNumber"": ""26-349113""}",0,"tolga_ec2_2","2026-07-03 07:02:12.877254+00","2026-07-03 04:53:21.612219+00"
"lee_county","26-349111","2026-06-30 01:05:27+00","2026-07-03 04:53:21.612219+00",26.519597226966,-81.963867467416,"DISTURBANCE","05-HANDLED BY DEPUTY","12700 IONA RD","FORT MYERS","2026-07-03 08:03:21.287719+00","EXACT",,"{""id"": ""26-349111"", ""city"": ""FORT MYERS"", ""nature"": ""DISTURBANCE"", ""address"": ""12700 IONA RD"", ""disposition"": ""05-HANDLED BY DEPUTY"", ""occuredDate"": ""2026-06-29 21:05:27.0000000"", ""incidentNumber"": ""26-349111""}",0,"tolga_ec2_2","2026-07-03 07:02:12.877254+00","2026-07-03 04:53:21.612219+00"
"lee_county","26-349062","2026-06-30 00:27:00+00","2026-07-03 04:53:21.612219+00",26.482775072222,-81.830479665984,"DISTURBANCE","01-ARREST","7438 CARRIER RD","FORT MYERS","2026-07-03 08:03:21.287719+00","EXACT",,"{""id"": ""26-349062"", ""city"": ""FORT MYERS"", ""nature"": ""DISTURBANCE"", ""address"": ""7438 CARRIER RD"", ""disposition"": ""01-ARREST"", ""occuredDate"": ""2026-06-29 20:27:00.0000000"", ""incidentNumber"": ""26-349062""}",0,"tolga_ec2_2","2026-07-03 07:02:12.877254+00","2026-07-03 04:53:21.612219+00"
"lee_county","26-349051","2026-06-30 00:19:00+00","2026-07-03 04:53:21.612219+00",26.608215636147,-81.651556997264,"HARASSMENT","05-HANDLED BY DEPUTY","1301 HOMESTEAD","LEHIGH ACRES","2026-07-03 08:03:21.287719+00","EXACT",,"{""id"": ""26-349051"", ""city"": ""LEHIGH ACRES"", ""nature"": ""HARASSMENT"", ""address"": ""1301 HOMESTEAD"", ""disposition"": ""05-HANDLED BY DEPUTY"", ""occuredDate"": ""2026-06-29 20:19:00.0000000"", ""incidentNumber"": ""26-349051""}",0,"tolga_ec2_2","2026-07-03 07:02:12.877254+00","2026-07-03 04:53:21.612219+00"
"lee_county","26-349030","2026-06-30 00:06:12+00","2026-07-03 04:53:21.612219+00",26.352071409925,-81.765471769395,"DISTURBANCE","05-HANDLED BY DEPUTY","26644 STARDUST DR","BONITA SPRINGS","2026-07-03 08:03:21.287719+00","EXACT",,"{""id"": ""26-349030"", ""city"": ""BONITA SPRINGS"", ""nature"": ""DISTURBANCE"", ""address"": ""26644 STARDUST DR"", ""disposition"": ""05-HANDLED BY DEPUTY"", ""occuredDate"": ""2026-06-29 20:06:12.0000000"", ""incidentNumber"": ""26-349030""}",0,"tolga_ec2_2","2026-07-03 07:02:12.877254+00","2026-07-03 04:53:21.612219+00"
"lee_county","26-349007","2026-06-29 23:54:49+00","2026-07-03 04:53:21.612219+00",26.5218795,-82.1897251,"DISTURBANCE","05-HANDLED BY DEPUTY","17200 CAPTIVA","CAPTIVA","2026-07-03 08:03:21.287719+00","nominatim:tertiary",,"{""id"": ""26-349007"", ""city"": ""CAPTIVA"", ""nature"": ""DISTURBANCE"", ""address"": ""17200 CAPTIVA"", ""disposition"": ""05-HANDLED BY DEPUTY"", ""occuredDate"": ""2026-06-29 19:54:49.0000000"", ""incidentNumber"": ""26-349007""}",0,"tolga_ec2_2","2026-07-03 07:02:12.877254+00","2026-07-03 04:53:21.612219+00"
"lee_county","26-348999","2026-06-29 23:49:05+00","2026-07-03 04:53:21.612219+00",26.661021391972,-81.887216036895,"ANIMAL","05-HANDLED BY DEPUTY","6326 BEAU DR","NORTH FORT MYERS","2026-07-03 08:03:21.287719+00","EXACT",,"{""id"": ""26-348999"", ""city"": ""NORTH FORT MYERS"", ""nature"": ""ANIMAL"", ""address"": ""6326 BEAU DR"", ""disposition"": ""05-HANDLED BY DEPUTY"", ""occuredDate"": ""2026-06-29 19:49:05.0000000"", ""incidentNumber"": ""26-348999""}",0,"tolga_ec2_2","2026-07-03 07:02:12.877254+00","2026-07-03 04:53:21.612219+00"
"lee_county","26-348990","2026-06-29 23:43:32+00","2026-07-03 04:53:21.612219+00",26.601283798877,-81.650712503503,"DOMESTIC VIOLENCE","08-REPORT TAKEN","1200 BROAD ST W","LEHIGH ACRES","2026-07-03 08:03:21.287719+00","EXACT",,"{""id"": ""26-348990"", ""city"": ""LEHIGH ACRES"", ""nature"": ""DOMESTIC VIOLENCE"", ""address"": ""1200 BROAD ST W"", ""disposition"": ""08-REPORT TAKEN"", ""occuredDate"": ""2026-06-29 19:43:32.0000000"", ""incidentNumber"": ""26-348990""}",0,"tolga_ec2_2","2026-07-03 07:02:12.877254+00","2026-07-03 04:53:21.612219+00"
"lee_county","26-802327","2026-06-29 23:36:00+00","2026-07-03 04:53:21.612219+00",26.682639691539,-81.645169139626,"IDENTITY THEFT","C08-REPORT TAKEN - COPLOGIC","643 GREENBRIAR SW BLVD","LEHIGH ACRES","2026-07-03 08:03:21.287719+00","EXACT",,"{""id"": ""26-802327"", ""city"": ""LEHIGH ACRES"", ""nature"": ""IDENTITY THEFT"", ""address"": ""643 GREENBRIAR SW BLVD"", ""disposition"": ""C08-REPORT TAKEN - COPLOGIC"", ""occuredDate"": ""2026-06-29 19:36:00.0000000"", ""incidentNumber"": ""26-802327""}",0,"tolga_ec2_2","2026-07-03 07:02:12.877254+00","2026-07-03 04:53:21.612219+00"
"lee_county","26-348976","2026-06-29 23:34:00+00","2026-07-03 04:53:21.612219+00",26.348682478659,-81.748853770956,"DOMESTIC VIOLENCE","08-REPORT TAKEN","12330 NOTTING HILL LN","BONITA SPRINGS","2026-07-03 08:03:21.287719+00","EXACT",,"{""id"": ""26-348976"", ""city"": ""BONITA SPRINGS"", ""nature"": ""DOMESTIC VIOLENCE"", ""address"": ""12330 NOTTING HILL LN"", ""disposition"": ""08-REPORT TAKEN"", ""occuredDate"": ""2026-06-29 19:34:00.0000000"", ""incidentNumber"": ""26-348976""}",0,"tolga_ec2_2","2026-07-03 07:02:12.877254+00","2026-07-03 04:53:21.612219+00"
"lee_county","26-348960","2026-06-29 23:27:36+00","2026-07-03 04:53:21.612219+00",26.514896233337,-81.856593284956,"DISTURBANCE","05-HANDLED BY DEPUTY","15641 THISTLE DEW CT","FORT MYERS","2026-07-03 08:03:21.287719+00","EXACT",,"{""id"": ""26-348960"", ""city"": ""FORT MYERS"", ""nature"": ""DISTURBANCE"", ""address"": ""15641 THISTLE DEW CT"", ""disposition"": ""05-HANDLED BY DEPUTY"", ""occuredDate"": ""2026-06-29 19:27:36.0000000"", ""incidentNumber"": ""26-348960""}",0,"tolga_ec2_2","2026-07-03 07:02:12.877254+00","2026-07-03 04:53:21.612219+00"
"lee_county","26-348869","2026-06-29 22:33:33+00","2026-07-03 04:53:21.612219+00",26.6671993,-81.8899218,"DISTURBANCE","10-GONE ON ARRIVAL","PONDELLA RD / N CLEVELAND AVE","NORTH FORT MYERS","2026-07-03 08:03:21.287719+00","overpass:intersection",,"{""id"": ""26-348869"", ""city"": ""NORTH FORT MYERS"", ""nature"": ""DISTURBANCE"", ""address"": ""PONDELLA RD / N CLEVELAND AVE"", ""disposition"": ""10-GONE ON ARRIVAL"", ""occuredDate"": ""2026-06-29 18:33:33.0000000"", ""incidentNumber"": ""26-348869""}",0,"tolga_ec2_2","2026-07-03 07:02:12.877254+00","2026-07-03 04:53:21.612219+00"
"lee_county","26-348855","2026-06-29 22:22:14+00","2026-07-03 04:53:21.612219+00",26.673000220517,-81.753807766193,"ANIMAL LIVESTOCK","05-HANDLED BY DEPUTY","4901 NEAL RD","FORT MYERS","2026-07-03 08:03:21.287719+00","EXACT",,"{""id"": ""26-348855"", ""city"": ""FORT MYERS"", ""nature"": ""ANIMAL LIVESTOCK"", ""address"": ""4901 NEAL RD"", ""disposition"": ""05-HANDLED BY DEPUTY"", ""occuredDate"": ""2026-06-29 18:22:14.0000000"", ""incidentNumber"": ""26-348855""}",0,"tolga_ec2_2","2026-07-03 07:02:12.877254+00","2026-07-03 04:53:21.612219+00"
"lee_county","26-348840","2026-06-29 22:15:23+00","2026-07-03 04:53:21.612219+00",26.675444213352,-81.753972961147,"ANIMAL LIVESTOCK","05-HANDLED BY DEPUTY","4820 NEAL RD","FORT MYERS","2026-07-03 08:03:21.287719+00","EXACT",,"{""id"": ""26-348840"", ""city"": ""FORT MYERS"", ""nature"": ""ANIMAL LIVESTOCK"", ""address"": ""4820 NEAL RD"", ""disposition"": ""05-HANDLED BY DEPUTY"", ""occuredDate"": ""2026-06-29 18:15:23.0000000"", ""incidentNumber"": ""26-348840""}",0,"tolga_ec2_2","2026-07-03 07:02:12.877254+00","2026-07-03 04:53:21.612219+00"
"lee_county","26-348839","2026-06-29 22:14:59+00","2026-07-03 04:53:21.612219+00",26.559832802854,-81.835807430551,"DISTURBANCE","05-HANDLED BY DEPUTY","12145 LUCCA","FORT MYERS","2026-07-03 08:03:21.287719+00","EXACT",,"{""id"": ""26-348839"", ""city"": ""FORT MYERS"", ""nature"": ""DISTURBANCE"", ""address"": ""12145 LUCCA"", ""disposition"": ""05-HANDLED BY DEPUTY"", ""occuredDate"": ""2026-06-29 18:14:59.0000000"", ""incidentNumber"": ""26-348839""}",0,"tolga_ec2_2","2026-07-03 07:02:12.877254+00","2026-07-03 04:53:21.612219+00"
"lee_county","26-348838","2026-06-29 22:11:59+00","2026-07-03 04:53:21.612219+00",26.685034418639,-81.892124065638,"DISTURBANCE","19-FIC","230 CLARK ST","NORTH FORT MYERS","2026-07-03 08:03:21.287719+00","EXACT",,"{""id"": ""26-348838"", ""city"": ""NORTH FORT MYERS"", ""nature"": ""DISTURBANCE"", ""address"": ""230 CLARK ST"", ""disposition"": ""19-FIC"", ""occuredDate"": ""2026-06-29 18:11:59.0000000"", ""incidentNumber"": ""26-348838""}",0,"tolga_ec2_2","2026-07-03 07:02:12.877254+00","2026-07-03 04:53:21.612219+00"
"lee_county","26-348819","2026-06-29 22:01:02+00","2026-07-03 04:53:21.612219+00",26.331730962652,-81.73006188802,"ANIMAL","10-GONE ON ARRIVAL","13520 BONITA BCH","BONITA SPRINGS","2026-07-03 08:03:21.287719+00","EXACT",,"{""id"": ""26-348819"", ""city"": ""BONITA SPRINGS"", ""nature"": ""ANIMAL"", ""address"": ""13520 BONITA BCH"", ""disposition"": ""10-GONE ON ARRIVAL"", ""occuredDate"": ""2026-06-29 18:01:02.0000000"", ""incidentNumber"": ""26-348819""}",0,"tolga_ec2_2","2026-07-03 07:02:12.877254+00","2026-07-03 04:53:21.612219+00"
"lee_county","26-348817","2026-06-29 21:59:45+00","2026-07-03 04:53:21.612219+00",26.453658881722,-81.827048645435,"DISTURBANCE","05-HANDLED BY DEPUTY","4428 BROADLEAF CIR","FORT MYERS","2026-07-03 08:03:21.287719+00","EXACT",,"{""id"": ""26-348817"", ""city"": ""FORT MYERS"", ""nature"": ""DISTURBANCE"", ""address"": ""4428 BROADLEAF CIR"", ""disposition"": ""05-HANDLED BY DEPUTY"", ""occuredDate"": ""2026-06-29 17:59:45.0000000"", ""incidentNumber"": ""26-348817""}",0,"tolga_ec2_2","2026-07-03 07:02:12.877254+00","2026-07-03 04:53:21.612219+00"
"lee_county","26-348777","2026-06-29 21:28:47+00","2026-07-03 04:53:21.612219+00",26.67092434016,-81.75377643735,"ANIMAL LIVESTOCK","05-HANDLED BY DEPUTY","5051 NEAL RD","FORT MYERS","2026-07-03 08:03:21.287719+00","EXACT",,"{""id"": ""26-348777"", ""city"": ""FORT MYERS"", ""nature"": ""ANIMAL LIVESTOCK"", ""address"": ""5051 NEAL RD"", ""disposition"": ""05-HANDLED BY DEPUTY"", ""occuredDate"": ""2026-06-29 17:28:47.0000000"", ""incidentNumber"": ""26-348777""}",0,"tolga_ec2_2","2026-07-03 07:02:12.877254+00","2026-07-03 04:53:21.612219+00"
"lee_county","26-348775","2026-06-29 21:28:31+00","2026-07-03 04:53:21.612219+00",26.584681631541,-81.567418215052,"DISTURBANCE","05-HANDLED BY DEPUTY","315 MELISSA AVE","LEHIGH ACRES","2026-07-03 08:03:21.287719+00","EXACT",,"{""id"": ""26-348775"", ""city"": ""LEHIGH ACRES"", ""nature"": ""DISTURBANCE"", ""address"": ""315 MELISSA AVE"", ""disposition"": ""05-HANDLED BY DEPUTY"", ""occuredDate"": ""2026-06-29 17:28:31.0000000"", ""incidentNumber"": ""26-348775""}",0,"tolga_ec2_2","2026-07-03 07:02:12.877254+00","2026-07-03 04:53:21.612219+00"
"lee_county","26-348703","2026-06-29 20:11:19+00","2026-07-02 16:53:21.598921+00",26.656047222018,-81.966001858732,"ANIMAL","07-TURNED OVER TO OTHER AGENCY","301 PINE ISLAND","CAPE CORAL","2026-07-03 08:03:21.287719+00","AMBIGUOUS",,"{""id"": ""26-348703"", ""city"": ""CAPE CORAL"", ""nature"": ""ANIMAL"", ""address"": ""301 PINE ISLAND"", ""disposition"": ""07-TURNED OVER TO OTHER AGENCY"", ""occuredDate"": ""2026-06-29 16:11:19.0000000"", ""incidentNumber"": ""26-348703""}",0,"tolga_ec2_2","2026-07-03 07:02:12.877254+00","2026-07-02 16:53:21.598921+00"
"lee_county","26-348697","2026-06-29 20:03:37+00","2026-07-02 16:53:21.598921+00",26.66724917351,-81.884816667588,"IDENTITY THEFT","08-REPORT TAKEN","121 PONDELLA","NORTH FORT MYERS","2026-07-03 08:03:21.287719+00","EXACT",,"{""id"": ""26-348697"", ""city"": ""NORTH FORT MYERS"", ""nature"": ""IDENTITY THEFT"", ""address"": ""121 PONDELLA"", ""disposition"": ""08-REPORT TAKEN"", ""occuredDate"": ""2026-06-29 16:03:37.0000000"", ""incidentNumber"": ""26-348697""}",0,"tolga_ec2_2","2026-07-03 07:02:12.877254+00","2026-07-02 16:53:21.598921+00"
"lee_county","26-348679","2026-06-29 19:47:00+00","2026-07-02 16:53:21.598921+00",26.610243441188,-81.628294161724,"DOMESTIC VIOLENCE","08-REPORT TAKEN","304 COLGATE AVE","LEHIGH ACRES","2026-07-03 08:03:21.287719+00","EXACT",,"{""id"": ""26-348679"", ""city"": ""LEHIGH ACRES"", ""nature"": ""DOMESTIC VIOLENCE"", ""address"": ""304 COLGATE AVE"", ""disposition"": ""08-REPORT TAKEN"", ""occuredDate"": ""2026-06-29 15:47:00.0000000"", ""incidentNumber"": ""26-348679""}",0,"tolga_ec2_2","2026-07-03 07:02:12.877254+00","2026-07-02 16:53:21.598921+00"
"lee_county","26-348671","2026-06-29 19:42:53+00","2026-07-02 16:53:21.598921+00",26.672081119202,-81.660805512691,"DISTURBANCE","05-HANDLED BY DEPUTY","1823 JACINTO AVE","LEHIGH ACRES","2026-07-03 08:03:21.287719+00","EXACT",,"{""id"": ""26-348671"", ""city"": ""LEHIGH ACRES"", ""nature"": ""DISTURBANCE"", ""address"": ""1823 JACINTO AVE"", ""disposition"": ""05-HANDLED BY DEPUTY"", ""occuredDate"": ""2026-06-29 15:42:53.0000000"", ""incidentNumber"": ""26-348671""}",0,"tolga_ec2_2","2026-07-03 07:02:12.877254+00","2026-07-02 16:53:21.598921+00"
"lee_county","26-348670","2026-06-29 19:42:32+00","2026-07-02 16:53:21.598921+00",26.660837970904,-81.665917504084,"DISTURBANCE","05-HANDLED BY DEPUTY","2607 49TH ST W","LEHIGH ACRES","2026-07-03 09:00:08.561167+00","EXACT",,"{""id"": ""26-348670"", ""city"": ""LEHIGH ACRES"", ""nature"": ""DISTURBANCE"", ""address"": ""2607 49TH ST W"", ""disposition"": ""05-HANDLED BY DEPUTY"", ""occuredDate"": ""2026-06-29 15:42:32.0000000"", ""incidentNumber"": ""26-348670""}",0,"tolga_ec2_2","2026-07-03 08:03:21.379949+00","2026-07-02 16:53:21.598921+00"
"lee_county","26-348647","2026-06-29 19:24:26+00","2026-07-02 16:53:21.598921+00",26.542169386204,-81.871228324558,"GRAND THEFT","08-REPORT TAKEN","13731 S TAMIAMI TRL","FORT MYERS","2026-07-03 09:00:08.561167+00","EXACT",,"{""id"": ""26-348647"", ""city"": ""FORT MYERS"", ""nature"": ""GRAND THEFT"", ""address"": ""13731 S TAMIAMI TRL"", ""disposition"": ""08-REPORT TAKEN"", ""occuredDate"": ""2026-06-29 15:24:26.0000000"", ""incidentNumber"": ""26-348647""}",0,"tolga_ec2_2","2026-07-03 08:03:21.379949+00","2026-07-02 16:53:21.598921+00"
"lee_county","26-348634","2026-06-29 19:16:39+00","2026-07-02 16:53:21.598921+00",26.599645139793,-81.650707211611,"ANIMAL","05-HANDLED BY DEPUTY","1290 BROAD ST W","LEHIGH ACRES","2026-07-03 09:00:08.561167+00","EXACT",,"{""id"": ""26-348634"", ""city"": ""LEHIGH ACRES"", ""nature"": ""ANIMAL"", ""address"": ""1290 BROAD ST W"", ""disposition"": ""05-HANDLED BY DEPUTY"", ""occuredDate"": ""2026-06-29 15:16:39.0000000"", ""incidentNumber"": ""26-348634""}",0,"tolga_ec2_2","2026-07-03 08:03:21.379949+00","2026-07-02 16:53:21.598921+00"
"lee_county","26-348603","2026-06-29 19:02:29+00","2026-07-02 16:53:21.598921+00",26.60831094217,-81.85119935188,"DISTURBANCE","14-CANCELLED PER COMPLAINANT","3746 METRO PKWY, UNIT 916-936, FLOOR 2, MYERS, FLORIDA FT","FORT MYERS","2026-07-03 09:00:08.561167+00","EXACT",,"{""id"": ""26-348603"", ""city"": ""FORT MYERS"", ""nature"": ""DISTURBANCE"", ""address"": ""3746 METRO PKWY, UNIT 916-936, FLOOR 2, MYERS, FLORIDA FT"", ""disposition"": ""14-CANCELLED PER COMPLAINANT"", ""occuredDate"": ""2026-06-29 15:02:29.0000000"", ""incidentNumber"": ""26-348603""}",0,"tolga_ec2_2","2026-07-03 08:03:21.379949+00","2026-07-02 16:53:21.598921+00"
"lee_county","26-348553","2026-06-29 18:35:02+00","2026-07-02 16:53:21.598921+00",26.673162030427,-81.812725436093,"DISTURBANCE","10-GONE ON ARRIVAL","461 MENOCAL AVE","FORT MYERS","2026-07-03 09:00:08.561167+00","EXACT",,"{""id"": ""26-348553"", ""city"": ""FORT MYERS"", ""nature"": ""DISTURBANCE"", ""address"": ""461 MENOCAL AVE"", ""disposition"": ""10-GONE ON ARRIVAL"", ""occuredDate"": ""2026-06-29 14:35:02.0000000"", ""incidentNumber"": ""26-348553""}",0,"tolga_ec2_2","2026-07-03 08:03:21.379949+00","2026-07-02 16:53:21.598921+00"
"lee_county","26-348544","2026-06-29 18:28:44+00","2026-07-02 16:53:21.598921+00",26.528535726579,-81.903049537431,"DEATH INVESTIGATION","08-REPORT TAKEN","6829 CARMELLE DR","FORT MYERS","2026-07-03 09:00:08.561167+00","EXACT",,"{""id"": ""26-348544"", ""city"": ""FORT MYERS"", ""nature"": ""DEATH INVESTIGATION"", ""address"": ""6829 CARMELLE DR"", ""disposition"": ""08-REPORT TAKEN"", ""occuredDate"": ""2026-06-29 14:28:44.0000000"", ""incidentNumber"": ""26-348544""}",0,"tolga_ec2_2","2026-07-03 08:03:21.379949+00","2026-07-02 16:53:21.598921+00"
"lee_county","26-348484","2026-06-29 17:55:09+00","2026-07-02 16:53:21.598921+00",26.681931828141,-81.897813924126,"THEFT MISD","08-REPORT TAKEN","545 PINE ISLAND","NORTH FORT MYERS","2026-07-03 09:00:08.561167+00","EXACT",,"{""id"": ""26-348484"", ""city"": ""NORTH FORT MYERS"", ""nature"": ""THEFT MISD"", ""address"": ""545 PINE ISLAND"", ""disposition"": ""08-REPORT TAKEN"", ""occuredDate"": ""2026-06-29 13:55:09.0000000"", ""incidentNumber"": ""26-348484""}",0,"tolga_ec2_2","2026-07-03 08:03:21.379949+00","2026-07-02 16:53:21.598921+00"
"lee_county","26-348446","2026-06-29 17:30:13+00","2026-07-02 16:53:21.598921+00",26.317574978788,-81.808828843798,"DOMESTIC VIOLENCE","08-REPORT TAKEN","28881 BERMUDA LAGO","BONITA SPRINGS","2026-07-03 09:00:08.561167+00","EXACT",,"{""id"": ""26-348446"", ""city"": ""BONITA SPRINGS"", ""nature"": ""DOMESTIC VIOLENCE"", ""address"": ""28881 BERMUDA LAGO"", ""disposition"": ""08-REPORT TAKEN"", ""occuredDate"": ""2026-06-29 13:30:13.0000000"", ""incidentNumber"": ""26-348446""}",0,"tolga_ec2_2","2026-07-03 08:03:21.379949+00","2026-07-02 16:53:21.598921+00"
"lee_county","26-348437","2026-06-29 17:24:29+00","2026-07-02 16:53:21.598921+00",26.555476526914,-81.632406571859,"DISTURBANCE","05-HANDLED BY DEPUTY","415 BROADMOOR ST","LEHIGH ACRES","2026-07-03 09:00:08.561167+00","EXACT",,"{""id"": ""26-348437"", ""city"": ""LEHIGH ACRES"", ""nature"": ""DISTURBANCE"", ""address"": ""415 BROADMOOR ST"", ""disposition"": ""05-HANDLED BY DEPUTY"", ""occuredDate"": ""2026-06-29 13:24:29.0000000"", ""incidentNumber"": ""26-348437""}",0,"tolga_ec2_2","2026-07-03 08:03:21.379949+00","2026-07-02 16:53:21.598921+00"
